,DATETIME,YEAR,MONTH,INDEX_NO,STN_NAME,DD,T,GGGG,DDD,FF,FMFM,VV,WW,N,CL1,CL2,CL3,CL4,CL5,CL6,TTT,TWTW,TDTD,RH,QFE,QFF,QNH,TXTX,RRR,TOT_RRR
2,2020-12-01 00:00:00,2020,Dec,10,CDH,1,1,0,999.0,1.0,,30.0,10.0,2.0,2075.0,,,,,,13.5,13.5,13.5,100.0,980.8,1017.9,1018.1,,,
7,2020-12-01 01:00:00,2020,Dec,10,CDH,1,1,100,0.0,0.0,,30.0,10.0,2.0,2075.0,,,,,,12.5,12.5,12.5,100.0,980.4,1017.6,1017.7,,,
12,2020-12-01 02:00:00,2020,Dec,10,CDH,1,1,200,0.0,0.0,,30.0,10.0,0.0,,,,,,,10.8,10.8,10.8,100.0,980.5,1016.7,1016.7,,,
15,2020-12-01 02:30:00,2020,Dec,10,CDH,1,4,230,999.0,2.0,,30.0,10.0,1.0,1075.0,,,,,,11.0,11.0,11.0,100.0,980.0,1016.7,1016.6,,0.0,0.0
20,2020-12-01 03:00:00,2020,Dec,10,CDH,1,1,300,999.0,2.0,,30.0,10.0,1.0,1075.0,,,,,,11.2,10.8,10.3,94.0,979.3,1016.7,1016.6,,,
24,2020-12-01 04:00:00,2020,Dec,10,CDH,1,1,400,999.0,2.0,,30.0,10.0,2.0,2075.0,,,,,,11.4,11.0,10.5,94.0,979.4,1016.8,1016.6,,,
31,2020-12-01 05:00:00,2020,Dec,10,CDH,1,1,500,999.0,2.0,,30.0,10.0,2.0,2075.0,,,,,,11.3,10.9,10.4,94.0,979.4,1016.8,1016.6,,,
33,2020-12-01 05:30:00,2020,Dec,10,CDH,1,4,530,999.0,2.0,,30.0,10.0,2.0,2075.0,,,,,,10.5,10.1,9.7,95.0,979.6,1017.1,1016.9,,0.0,0.0
39,2020-12-01 06:00:00,2020,Dec,10,CDH,1,1,600,999.0,2.0,,25.0,10.0,2.0,2075.0,,,,,,10.6,10.6,10.6,100.0,979.9,1017.4,1017.2,,,
42,2020-12-01 06:30:00,2020,Dec,10,CDH,1,1,630,999.0,2.0,,25.0,10.0,1.0,1075.0,,,,,,10.6,10.6,10.6,100.0,979.9,1017.4,1017.2,,,
46,2020-12-01 07:00:00,2020,Dec,10,CDH,1,1,700,999.0,2.0,,20.0,10.0,0.0,,,,,,,10.2,10.2,10.2,100.0,980.3,1017.9,1017.6,,,
50,2020-12-01 07:30:00,2020,Dec,10,CDH,1,1,730,999.0,1.0,,20.0,10.0,0.0,,,,,,,9.8,9.8,9.8,100.0,980.8,1018.5,1018.1,,,
53,2020-12-01 08:00:00,2020,Dec,10,CDH,1,1,800,999.0,2.0,,20.0,10.0,0.0,,,,,,,12.1,12.1,12.1,100.0,981.1,1018.5,1018.5,,,
57,2020-12-01 08:30:00,2020,Dec,10,CDH,1,4,830,999.0,1.0,,18.0,10.0,0.0,,,,,,,13.9,13.9,13.9,100.0,981.8,1018.9,1019.1,95.0,0.0,0.0
61,2020-12-01 09:00:00,2020,Dec,10,CDH,1,1,900,0.0,0.0,,18.0,10.0,0.0,,,,,,,15.5,15.5,15.5,100.0,982.2,1019.0,1019.5,,,
64,2020-12-01 09:30:00,2020,Dec,10,CDH,1,1,930,150.0,4.0,,15.0,10.0,0.0,,,,,,,16.8,16.0,15.5,92.0,982.6,1019.3,1019.9,,,
69,2020-12-01 10:00:00,2020,Dec,10,CDH,1,1,1000,140.0,3.0,,15.0,5.0,0.0,,,,,,,18.2,15.3,13.0,72.0,983.1,1019.7,1020.5,,,
74,2020-12-01 10:30:00,2020,Dec,10,CDH,1,1,1030,999.0,2.0,,15.0,5.0,0.0,,,,,,,19.8,16.2,12.9,64.0,983.4,1019.8,1020.8,,,
79,2020-12-01 11:00:00,2020,Dec,10,CDH,1,1,1100,180.0,4.0,,15.0,5.0,0.0,,,,,,,20.6,15.7,11.7,57.0,983.4,1019.7,1020.8,,,
81,2020-12-01 11:30:00,2020,Dec,10,CDH,1,4,1130,180.0,4.0,,15.0,5.0,0.0,,,,,,,21.5,16.7,13.2,58.0,983.2,1019.4,1020.6,,0.0,0.0
84,2020-12-01 12:00:00,2020,Dec,10,CDH,1,1,1200,160.0,8.0,,15.0,5.0,0.0,,,,,,,22.6,16.1,9.7,44.0,982.8,1018.9,1020.1,,,
89,2020-12-01 12:30:00,2020,Dec,10,CDH,1,1,1230,180.0,4.0,,18.0,5.0,0.0,,,,,,,23.2,16.7,11.9,48.0,982.4,1018.3,1019.7,,,
94,2020-12-01 13:00:00,2020,Dec,10,CDH,1,1,1300,200.0,6.0,,18.0,5.0,0.0,,,,,,,24.0,16.9,11.4,45.0,982.0,1017.8,1019.3,,,
98,2020-12-01 13:30:00,2020,Dec,10,CDH,1,1,1330,190.0,4.0,,18.0,5.0,0.0,,,,,,,24.2,17.1,11.7,45.0,981.6,1017.4,1018.9,,,
103,2020-12-01 14:00:00,2020,Dec,10,CDH,1,1,1400,170.0,3.0,,20.0,5.0,0.0,,,,,,,24.5,17.3,12.1,46.0,981.3,1017.0,1018.6,,,
105,2020-12-01 14:30:00,2020,Dec,10,CDH,1,4,1430,200.0,3.0,,25.0,5.0,0.0,,,,,,,24.7,17.5,12.0,45.0,981.0,1016.7,1018.3,,0.0,0.0
108,2020-12-01 15:00:00,2020,Dec,10,CDH,1,1,1500,170.0,3.0,,27.0,5.0,0.0,,,,,,,24.8,18.4,12.0,45.0,980.7,1016.4,1018.0,,,
112,2020-12-01 15:30:00,2020,Dec,10,CDH,1,1,1530,999.0,2.0,,27.0,5.0,0.0,,,,,,,24.7,17.6,12.1,46.0,980.5,1016.2,1017.8,,,
117,2020-12-01 16:00:00,2020,Dec,10,CDH,1,1,1600,999.0,2.0,,27.0,5.0,0.0,,,,,,,24.1,17.4,12.4,48.0,980.3,1016.0,1017.6,,,
121,2020-12-01 16:30:00,2020,Dec,10,CDH,1,1,1630,999.0,1.0,,27.0,5.0,0.0,,,,,,,23.3,17.6,12.6,51.0,980.1,1015.9,1017.4,,,
125,2020-12-01 17:00:00,2020,Dec,10,CDH,1,1,1700,999.0,2.0,,25.0,5.0,0.0,,,,,,,22.4,17.2,12.6,54.0,980.0,1016.0,1017.3,,,
128,2020-12-01 17:30:00,2020,Dec,10,CDH,1,4,1730,999.0,1.0,,20.0,5.0,0.0,,,,,,,19.5,16.9,14.3,72.0,980.1,1016.4,1017.4,251.0,0.0,0.0
132,2020-12-01 18:00:00,2020,Dec,10,CDH,1,1,1800,0.0,0.0,,20.0,10.0,0.0,,,,,,,18.2,16.4,14.6,79.0,980.3,1016.7,1017.5,,,
139,2020-12-01 18:30:00,2020,Dec,10,CDH,1,1,1830,999.0,1.0,,25.0,10.0,0.0,,,,,,,17.0,16.5,16.1,95.0,980.3,1016.9,1017.6,,,
143,2020-12-01 19:00:00,2020,Dec,10,CDH,1,1,1900,999.0,1.0,,25.0,10.0,0.0,,,,,,,16.5,16.5,16.5,100.0,980.5,1017.2,1017.8,,,
146,2020-12-01 19:30:00,2020,Dec,10,CDH,1,1,1930,999.0,2.0,,30.0,10.0,0.0,,,,,,,17.2,17.2,17.2,100.0,980.7,1017.3,1018.0,,,
150,2020-12-01 20:00:00,2020,Dec,10,CDH,1,1,2000,999.0,2.0,,30.0,10.0,0.0,,,,,,,15.7,15.7,15.7,100.0,981.0,1017.8,1018.3,,,
154,2020-12-01 20:30:00,2020,Dec,10,CDH,1,4,2030,0.0,0.0,,20.0,10.0,0.0,,,,,,,15.5,15.5,15.5,100.0,981.2,1018.0,1018.5,,0.0,0.0
159,2020-12-01 21:00:00,2020,Dec,10,CDH,1,1,2100,999.0,2.0,,20.0,10.0,0.0,,,,,,,14.6,14.6,14.6,100.0,981.3,1018.3,1018.6,,,
160,2020-12-01 21:30:00,2020,Dec,10,CDH,1,1,2130,999.0,2.0,,25.0,10.0,0.0,,,,,,,15.0,15.0,15.0,100.0,981.1,1018.0,1018.4,,,
165,2020-12-01 22:00:00,2020,Dec,10,CDH,1,1,2200,0.0,0.0,,25.0,10.0,0.0,,,,,,,13.6,13.6,13.6,100.0,981.0,1018.1,1018.3,,,
168,2020-12-01 23:00:00,2020,Dec,10,CDH,1,1,2300,999.0,2.0,,25.0,10.0,0.0,,,,,,,14.1,14.1,14.1,100.0,980.8,1017.9,1018.1,,,
174,2020-12-01 23:30:00,2020,Dec,10,CDH,1,4,2330,0.0,0.0,,25.0,10.0,0.0,,,,,,,13.4,13.4,13.4,100.0,980.7,1017.8,1018.0,,0.0,0.0
177,2020-12-02 00:00:00,2020,Dec,10,CDH,2,1,0,0.0,0.0,,25.0,10.0,0.0,,,,,,,13.1,13.1,13.1,100.0,980.4,1017.6,1017.7,,,
182,2020-12-02 01:00:00,2020,Dec,10,CDH,2,1,100,999.0,2.0,,25.0,10.0,0.0,,,,,,,12.2,12.2,12.2,100.0,980.1,1017.4,1017.4,,,
186,2020-12-02 02:00:00,2020,Dec,10,CDH,2,1,200,999.0,2.0,,25.0,10.0,0.0,,,,,,,12.0,12.0,12.0,100.0,980.1,1017.4,1017.4,,,
189,2020-12-02 02:30:00,2020,Dec,10,CDH,2,4,230,999.0,2.0,,25.0,10.0,0.0,,,,,,,12.1,12.1,12.1,100.0,979.9,1017.1,1017.1,,0.0,0.0
194,2020-12-02 03:00:00,2020,Dec,10,CDH,2,1,300,999.0,2.0,,25.0,10.0,0.0,,,,,,,12.1,12.1,12.1,100.0,979.6,1016.8,1016.8,,,
199,2020-12-02 04:00:00,2020,Dec,10,CDH,2,1,400,0.0,0.0,,20.0,10.0,0.0,,,,,,,11.4,11.4,11.4,100.0,979.3,1016.5,1016.5,,,
204,2020-12-02 05:00:00,2020,Dec,10,CDH,2,1,500,0.0,0.0,,20.0,10.0,0.0,,,,,,,11.2,11.2,11.2,100.0,979.0,1016.4,1016.2,,,
208,2020-12-02 05:30:00,2020,Dec,10,CDH,2,4,530,0.0,0.0,,15.0,10.0,0.0,,,,,,,10.6,10.6,10.6,100.0,979.1,1016.6,1016.3,,0.0,0.0
211,2020-12-02 06:00:00,2020,Dec,10,CDH,2,1,600,0.0,0.0,,15.0,10.0,0.0,,,,,,,11.0,11.0,11.0,100.0,979.2,1016.6,1016.4,,,
215,2020-12-02 06:30:00,2020,Dec,10,CDH,2,1,630,0.0,0.0,,15.0,10.0,0.0,,,,,,,10.1,10.1,10.1,100.0,979.5,1017.1,1016.7,,,
222,2020-12-02 07:00:00,2020,Dec,10,CDH,2,1,700,0.0,0.0,,10.0,10.0,0.0,,,,,,,10.3,10.3,10.3,100.0,979.9,1017.5,1017.2,,,
223,2020-12-02 07:15:00,2020,Dec,10,CDH,2,2,715,999.0,1.0,,8.0,46.0,0.0,,,,,,,10.7,10.7,10.7,100.0,980.2,1017.7,1017.5,,,
226,2020-12-02 07:30:00,2020,Dec,10,CDH,2,1,730,999.0,2.0,,8.0,44.0,0.0,,,,,,,12.0,12.0,12.0,100.0,980.1,1017.4,1017.4,,,
231,2020-12-02 08:00:00,2020,Dec,10,CDH,2,1,800,999.0,2.0,,13.0,10.0,0.0,,,,,,,12.8,12.8,12.8,100.0,980.4,1017.6,1017.7,,,
235,2020-12-02 08:30:00,2020,Dec,10,CDH,2,4,830,0.0,0.0,,15.0,10.0,0.0,,,,,,,13.4,13.4,13.4,100.0,980.6,1017.7,1017.9,94.0,0.0,0.0
238,2020-12-02 09:00:00,2020,Dec,10,CDH,2,1,900,999.0,1.0,,18.0,10.0,0.0,,,,,,,15.6,15.6,15.6,100.0,980.9,1017.8,1018.3,,,
242,2020-12-02 09:30:00,2020,Dec,10,CDH,2,1,930,999.0,2.0,,25.0,10.0,0.0,,,,,,,17.2,16.2,15.3,85.0,981.5,1018.1,1018.8,,,
245,2020-12-02 10:00:00,2020,Dec,10,CDH,2,1,1000,999.0,2.0,,25.0,5.0,0.0,,,,,,,18.6,16.1,13.9,74.0,981.8,1018.3,1019.1,,,
249,2020-12-02 10:30:00,2020,Dec,10,CDH,2,1,1030,999.0,2.0,,25.0,5.0,0.0,,,,,,,19.9,16.9,14.2,70.0,981.7,1018.0,1019.0,,,
253,2020-12-02 11:00:00,2020,Dec,10,CDH,2,1,1100,999.0,2.0,,25.0,5.0,0.0,,,,,,,21.4,16.5,12.0,55.0,981.1,1017.2,1018.4,,,
260,2020-12-02 11:30:00,2020,Dec,10,CDH,2,4,1130,290.0,4.0,,28.0,5.0,0.0,,,,,,,23.0,16.4,11.2,47.0,980.3,1016.2,1017.6,,0.0,0.0
263,2020-12-02 12:00:00,2020,Dec,10,CDH,2,1,1200,340.0,4.0,,30.0,5.0,0.0,,,,,,,23.8,15.6,8.2,37.0,979.6,1015.4,1016.9,,,
267,2020-12-02 12:30:00,2020,Dec,10,CDH,2,1,1230,310.0,5.0,,35.0,5.0,0.0,,,,,,,24.9,15.9,8.6,35.0,979.1,1014.7,1016.3,,,
270,2020-12-02 13:00:00,2020,Dec,10,CDH,2,1,1300,310.0,5.0,,50.0,5.0,0.0,,,,,,,25.2,17.4,11.4,42.0,978.6,1014.2,1015.8,,,
274,2020-12-02 13:30:00,2020,Dec,10,CDH,2,1,1330,300.0,8.0,,50.0,5.0,0.0,,,,,,,25.4,17.0,11.2,41.0,978.0,1013.5,1015.2,,,
280,2020-12-02 14:00:00,2020,Dec,10,CDH,2,1,1400,310.0,7.0,,50.0,5.0,0.0,,,,,,,25.4,16.8,10.7,40.0,977.7,1013.2,1014.9,,,
284,2020-12-02 14:30:00,2020,Dec,10,CDH,2,4,1430,290.0,9.0,,50.0,5.0,0.0,,,,,,,25.5,16.3,9.5,36.0,977.3,1012.8,1014.5,,0.0,0.0
286,2020-12-02 15:00:00,2020,Dec,10,CDH,2,1,1500,320.0,10.0,,50.0,5.0,0.0,,,,,,,25.4,16.3,9.5,37.0,976.9,1012.4,1014.1,,,
289,2020-12-02 15:30:00,2020,Dec,10,CDH,2,1,1530,320.0,8.0,,50.0,5.0,0.0,,,,,,,25.3,16.0,8.8,35.0,976.7,1012.2,1013.9,,,
295,2020-12-02 16:00:00,2020,Dec,10,CDH,2,1,1600,320.0,9.0,,45.0,5.0,0.0,,,,,,,24.8,15.5,8.2,35.0,976.4,1012.0,1013.6,,,
298,2020-12-02 16:30:00,2020,Dec,10,CDH,2,1,1630,330.0,8.0,,45.0,5.0,0.0,,,,,,,23.9,15.6,9.2,39.0,976.2,1011.9,1013.3,,,
301,2020-12-02 17:00:00,2020,Dec,10,CDH,2,1,1700,340.0,6.0,,40.0,5.0,0.0,,,,,,,22.6,15.8,10.4,46.0,976.0,1011.8,1013.2,,,
307,2020-12-02 17:30:00,2020,Dec,10,CDH,2,4,1730,320.0,5.0,,30.0,5.0,0.0,,,,,,,20.5,13.6,7.3,42.0,976.2,1012.3,1013.3,259.0,0.0,0.0
309,2020-12-02 18:00:00,2020,Dec,10,CDH,2,1,1800,310.0,5.0,,27.0,5.0,0.0,,,,,,,19.6,14.3,9.9,54.0,976.3,1012.6,1013.5,,,
315,2020-12-02 18:30:00,2020,Dec,10,CDH,2,1,1830,340.0,5.0,,27.0,5.0,0.0,,,,,,,20.1,15.1,11.3,57.0,976.6,1012.7,1013.8,,,
319,2020-12-02 19:00:00,2020,Dec,10,CDH,2,1,1900,330.0,4.0,,27.0,5.0,0.0,,,,,,,18.8,14.4,10.6,59.0,976.8,1013.1,1013.9,,,
323,2020-12-02 19:30:00,2020,Dec,10,CDH,2,1,1930,350.0,4.0,,27.0,5.0,0.0,,,,,,,18.6,15.2,12.5,68.0,976.7,1013.0,1013.9,,,
325,2020-12-02 20:00:00,2020,Dec,10,CDH,2,1,2000,330.0,5.0,,27.0,5.0,0.0,,,,,,,17.9,14.7,12.1,69.0,976.7,1013.1,1013.9,,,
332,2020-12-02 20:30:00,2020,Dec,10,CDH,2,4,2030,999.0,2.0,,27.0,5.0,0.0,,,,,,,18.1,14.6,11.4,66.0,976.8,1013.2,1014.0,,0.0,0.0
336,2020-12-02 21:00:00,2020,Dec,10,CDH,2,1,2100,999.0,2.0,,30.0,10.0,0.0,,,,,,,15.4,15.4,15.4,100.0,976.9,1013.6,1014.1,,,
339,2020-12-02 21:30:00,2020,Dec,10,CDH,2,1,2130,999.0,2.0,,30.0,10.0,0.0,,,,,,,15.3,14.3,13.2,87.0,977.1,1013.8,1014.3,,,
342,2020-12-02 22:00:00,2020,Dec,10,CDH,2,1,2200,0.0,0.0,,30.0,10.0,0.0,,,,,,,15.8,14.0,12.1,79.0,977.0,1013.7,1014.2,,,
348,2020-12-02 23:00:00,2020,Dec,10,CDH,2,1,2300,999.0,2.0,,30.0,10.0,0.0,,,,,,,14.1,14.1,14.1,100.0,977.0,1013.9,1014.2,,,
350,2020-12-02 23:30:00,2020,Dec,10,CDH,2,4,2330,999.0,2.0,,30.0,10.0,0.0,,,,,,,13.7,13.7,13.7,100.0,976.9,1013.8,1014.1,,0.0,0.0
355,2020-12-03 00:00:00,2020,Dec,10,CDH,3,1,0,0.0,0.0,,30.0,10.0,0.0,,,,,,,13.0,13.0,13.0,100.0,976.9,1013.9,1014.1,,,
361,2020-12-03 01:00:00,2020,Dec,10,CDH,3,1,100,999.0,2.0,,30.0,10.0,0.0,,,,,,,12.7,12.7,12.7,100.0,976.7,1013.8,1013.9,,,
366,2020-12-03 02:00:00,2020,Dec,10,CDH,3,1,200,999.0,2.0,,30.0,10.0,0.0,,,,,,,12.0,12.0,12.0,100.0,976.7,1013.9,1013.9,,,
369,2020-12-03 02:30:00,2020,Dec,10,CDH,3,4,230,0.0,0.0,,30.0,10.0,0.0,,,,,,,12.0,12.0,12.0,100.0,976.5,1013.7,1013.7,,0.0,0.0
374,2020-12-03 03:00:00,2020,Dec,10,CDH,3,1,300,999.0,2.0,,30.0,10.0,0.0,,,,,,,11.6,11.6,11.6,100.0,976.2,1013.6,1013.6,,,
377,2020-12-03 04:00:00,2020,Dec,10,CDH,3,1,400,999.0,2.0,,30.0,10.0,0.0,,,,,,,13.4,13.4,13.4,100.0,976.8,1014.1,1014.0,,,
385,2020-12-03 05:00:00,2020,Dec,10,CDH,3,1,500,999.0,2.0,,30.0,10.0,0.0,,,,,,,13.2,13.2,13.2,100.0,976.8,1014.1,1014.0,,,
389,2020-12-03 05:30:00,2020,Dec,10,CDH,3,4,530,999.0,2.0,,30.0,10.0,0.0,,,,,,,11.0,11.0,11.0,100.0,977.1,1014.4,1014.3,,0.0,0.0
392,2020-12-03 06:00:00,2020,Dec,10,CDH,3,1,600,999.0,2.0,,30.0,10.0,0.0,,,,,,,9.6,9.6,9.6,100.0,977.6,1015.2,1014.9,,,
394,2020-12-03 06:30:00,2020,Dec,10,CDH,3,1,630,999.0,2.0,,30.0,10.0,0.0,,,,,,,11.0,11.0,11.0,100.0,978.0,1015.4,1015.2,,,
398,2020-12-03 07:00:00,2020,Dec,10,CDH,3,1,700,999.0,2.0,,25.0,10.0,0.0,,,,,,,13.0,13.0,13.0,100.0,978.4,1015.5,1015.6,,,
405,2020-12-03 07:30:00,2020,Dec,10,CDH,3,1,730,999.0,1.0,,25.0,10.0,0.0,,,,,,,12.4,12.4,12.4,100.0,978.7,1015.9,1015.9,,,
408,2020-12-03 08:00:00,2020,Dec,10,CDH,3,1,800,999.0,1.0,,27.0,10.0,0.0,,,,,,,13.9,13.9,13.9,100.0,978.8,1015.8,1016.0,,,
413,2020-12-03 08:30:00,2020,Dec,10,CDH,3,4,830,999.0,1.0,,22.0,10.0,0.0,,,,,,,13.3,13.3,13.3,100.0,979.4,1016.5,1016.6,96.0,0.0,0.0
417,2020-12-03 09:00:00,2020,Dec,10,CDH,3,1,900,999.0,1.0,,20.0,10.0,0.0,,,,,,,16.1,16.1,16.1,100.0,979.8,1016.5,1017.1,,,
419,2020-12-03 09:30:00,2020,Dec,10,CDH,3,1,930,999.0,1.0,,17.0,10.0,0.0,,,,,,,17.5,17.5,17.5,100.0,980.4,1016.9,1017.7,,,
423,2020-12-03 10:00:00,2020,Dec,10,CDH,3,1,1000,150.0,5.0,,17.0,10.0,0.0,,,,,,,19.8,16.0,13.3,86.0,980.7,1017.0,1018.0,,,
427,2020-12-03 10:30:00,2020,Dec,10,CDH,3,1,1030,140.0,6.0,,20.0,5.0,0.0,,,,,,,20.5,16.3,13.4,64.0,980.6,1016.8,1017.8,,,
433,2020-12-03 11:00:00,2020,Dec,10,CDH,3,1,1100,150.0,8.0,,20.0,5.0,0.0,,,,,,,21.8,16.4,12.6,56.0,980.4,1016.4,1017.7,,,
435,2020-12-03 11:30:00,2020,Dec,10,CDH,3,4,1130,160.0,8.0,,25.0,5.0,0.0,,,,,,,22.9,16.5,12.1,51.0,980.1,1016.0,1017.4,,0.0,0.0
440,2020-12-03 12:00:00,2020,Dec,10,CDH,3,1,1200,160.0,6.0,,27.0,5.0,0.0,,,,,,,23.8,17.2,12.4,49.0,979.8,1015.6,1017.0,,,
443,2020-12-03 12:30:00,2020,Dec,10,CDH,3,1,1230,140.0,8.0,,30.0,5.0,0.0,,,,,,,24.5,17.4,12.5,47.0,979.2,1014.9,1016.5,,,
448,2020-12-03 13:00:00,2020,Dec,10,CDH,3,1,1300,150.0,9.0,,30.0,5.0,0.0,,,,,,,24.6,17.2,12.3,46.0,978.8,1014.4,1016.0,,,
453,2020-12-03 13:30:00,2020,Dec,10,CDH,3,1,1330,160.0,7.0,,35.0,5.0,0.0,,,,,,,25.4,17.3,11.6,42.0,978.3,1013.8,1015.5,,,
457,2020-12-03 14:00:00,2020,Dec,10,CDH,3,1,1400,170.0,9.0,,32.0,5.0,0.0,,,,,,,25.3,17.1,11.5,42.0,977.8,1013.3,1015.0,,,
461,2020-12-03 14:30:00,2020,Dec,10,CDH,3,4,1430,999.0,2.0,,30.0,5.0,0.0,,,,,,,25.3,17.6,11.6,42.0,977.6,1013.1,1014.8,,0.0,0.0
465,2020-12-03 15:00:00,2020,Dec,10,CDH,3,1,1500,210.0,6.0,,30.0,5.0,0.0,,,,,,,24.8,17.1,11.9,44.0,977.5,1013.1,1014.7,,,
467,2020-12-03 15:30:00,2020,Dec,10,CDH,3,1,1530,210.0,5.0,,30.0,5.0,0.0,,,,,,,24.5,17.5,12.2,46.0,977.2,1012.8,1014.4,,,
472,2020-12-03 16:00:00,2020,Dec,10,CDH,3,1,1600,999.0,2.0,,30.0,5.0,0.0,,,,,,,24.3,17.5,12.4,47.0,977.0,1012.6,1014.2,,,
477,2020-12-03 16:30:00,2020,Dec,10,CDH,3,1,1630,999.0,2.0,,30.0,5.0,0.0,,,,,,,23.3,17.6,12.6,51.0,976.8,1012.5,1014.0,,,
481,2020-12-03 17:00:00,2020,Dec,10,CDH,3,1,1700,999.0,2.0,,30.0,5.0,0.0,,,,,,,22.3,17.4,13.1,56.0,976.8,1012.6,1014.0,,,
484,2020-12-03 17:30:00,2020,Dec,10,CDH,3,4,1730,999.0,2.0,,25.0,5.0,0.0,,,,,,,20.6,15.9,10.9,54.0,976.9,1013.0,1014.1,255.0,0.0,0.0
489,2020-12-03 18:00:00,2020,Dec,10,CDH,3,1,1800,999.0,2.0,,30.0,10.0,0.0,,,,,,,18.5,16.4,14.6,78.0,977.2,1013.5,1014.4,,,
492,2020-12-03 18:30:00,2020,Dec,10,CDH,3,1,1830,999.0,1.0,,35.0,10.0,0.0,,,,,,,17.3,16.8,16.3,94.0,977.4,1013.9,1014.6,,,
496,2020-12-03 19:00:00,2020,Dec,10,CDH,3,1,1900,999.0,1.0,,35.0,10.0,0.0,,,,,,,17.2,17.2,17.2,100.0,977.6,1014.1,1014.8,,,
499,2020-12-03 19:30:00,2020,Dec,10,CDH,3,1,1930,999.0,2.0,,30.0,10.0,0.0,,,,,,,18.9,16.6,14.7,76.0,977.8,1014.1,1015.0,,,
502,2020-12-03 20:00:00,2020,Dec,10,CDH,3,1,2000,999.0,1.0,,25.0,10.0,0.0,,,,,,,17.5,16.3,15.1,86.0,978.0,1014.5,1015.2,,,
508,2020-12-03 20:30:00,2020,Dec,10,CDH,3,4,2030,999.0,1.0,,20.0,10.0,0.0,,,,,,,16.8,16.8,16.8,100.0,978.2,1014.7,1015.4,,0.0,0.0
511,2020-12-03 21:00:00,2020,Dec,10,CDH,3,1,2100,60.0,3.0,,15.0,10.0,0.0,,,,,,,17.5,17.5,17.5,100.0,978.2,1014.6,1015.4,,,
516,2020-12-03 21:30:00,2020,Dec,10,CDH,3,1,2130,999.0,1.0,,15.0,10.0,0.0,,,,,,,16.5,16.5,16.5,100.0,978.4,1015.0,1015.6,,,
517,2020-12-03 22:00:00,2020,Dec,10,CDH,3,1,2200,999.0,1.0,,15.0,10.0,0.0,,,,,,,16.4,15.1,13.9,85.0,978.5,1015.2,1015.7,,,
523,2020-12-03 23:00:00,2020,Dec,10,CDH,3,1,2300,999.0,1.0,,15.0,10.0,0.0,,,,,,,15.7,15.2,14.7,95.0,978.4,1015.1,1015.6,,,
529,2020-12-03 23:30:00,2020,Dec,10,CDH,3,4,2330,999.0,1.0,,15.0,10.0,0.0,,,,,,,15.4,15.4,15.4,100.0,978.2,1014.9,1015.4,,0.0,0.0
530,2020-12-04 00:00:00,2020,Dec,10,CDH,4,1,0,0.0,0.0,,15.0,10.0,0.0,,,,,,,14.4,14.3,14.4,100.0,978.1,1015.0,1015.3,,,
537,2020-12-04 01:00:00,2020,Dec,10,CDH,4,1,100,999.0,1.0,,15.0,10.0,0.0,,,,,,,12.9,12.9,12.9,100.0,977.6,1014.7,1014.8,,,
540,2020-12-04 02:00:00,2020,Dec,10,CDH,4,1,200,999.0,1.0,,15.0,10.0,0.0,,,,,,,12.5,12.5,12.5,100.0,977.1,1014.2,1014.3,,,
544,2020-12-04 02:30:00,2020,Dec,10,CDH,4,4,230,0.0,0.0,,15.0,10.0,0.0,,,,,,,12.6,12.6,12.6,100.0,977.0,1014.1,1014.2,,0.0,0.0
548,2020-12-04 03:00:00,2020,Dec,10,CDH,4,1,300,0.0,0.0,,15.0,10.0,0.0,,,,,,,12.2,12.2,12.2,100.0,977.0,1014.2,1014.2,,,
556,2020-12-04 04:00:00,2020,Dec,10,CDH,4,1,400,0.0,0.0,,15.0,10.0,0.0,,,,,,,12.0,12.0,12.0,100.0,976.4,1013.6,1013.6,,,
560,2020-12-04 05:00:00,2020,Dec,10,CDH,4,1,500,0.0,0.0,,25.0,10.0,0.0,,,,,,,11.7,11.7,11.7,100.0,976.3,1013.5,1013.5,,,
564,2020-12-04 05:30:00,2020,Dec,10,CDH,4,4,530,0.0,0.0,,25.0,10.0,0.0,,,,,,,13.1,13.1,13.1,100.0,976.3,1013.5,1013.5,,0.0,0.0
568,2020-12-04 06:00:00,2020,Dec,10,CDH,4,1,600,0.0,0.0,,25.0,10.0,0.0,,,,,,,12.2,12.2,12.2,100.0,976.4,1013.5,1013.6,,,
573,2020-12-04 06:30:00,2020,Dec,10,CDH,4,1,630,0.0,0.0,,25.0,10.0,0.0,,,,,,,11.9,11.9,11.9,100.0,976.5,1013.7,1013.7,,,
577,2020-12-04 07:00:00,2020,Dec,10,CDH,4,1,700,0.0,0.0,,25.0,10.0,0.0,,,,,,,11.3,11.3,11.3,100.0,977.0,1014.3,1014.2,,,
580,2020-12-04 07:30:00,2020,Dec,10,CDH,4,1,730,999.0,1.0,,25.0,10.0,0.0,,,,,,,13.2,13.2,13.2,100.0,977.4,1014.4,1014.6,,,
582,2020-12-04 08:00:00,2020,Dec,10,CDH,4,1,800,999.0,2.0,,25.0,10.0,0.0,,,,,,,13.9,13.0,12.1,89.0,977.9,1014.9,1015.1,,,
587,2020-12-04 08:30:00,2020,Dec,10,CDH,4,4,830,999.0,2.0,,28.0,10.0,0.0,,,,,,,15.4,14.8,14.2,93.0,978.4,1015.2,1015.6,113.0,0.0,0.0
591,2020-12-04 09:00:00,2020,Dec,10,CDH,4,1,900,999.0,2.0,,30.0,10.0,0.0,,,,,,,17.6,15.1,12.7,78.0,978.9,1015.4,1016.1,,,
595,2020-12-04 09:30:00,2020,Dec,10,CDH,4,1,930,999.0,2.0,,30.0,10.0,0.0,,,,,,,18.4,15.5,12.8,76.0,979.0,1015.5,1016.3,,,
602,2020-12-04 10:00:00,2020,Dec,10,CDH,4,1,1000,999.0,2.0,,30.0,5.0,0.0,,,,,,,20.5,16.4,12.6,60.0,979.1,1015.3,1016.3,,,
605,2020-12-04 10:30:00,2020,Dec,10,CDH,4,1,1030,150.0,5.0,,30.0,5.0,0.0,,,,,,,21.6,16.1,12.1,55.0,979.0,1015.0,1016.2,,,
607,2020-12-04 11:00:00,2020,Dec,10,CDH,4,1,1100,999.0,2.0,,30.0,5.0,0.0,,,,,,,22.6,17.3,12.7,54.0,978.8,1014.7,1016.1,,,
613,2020-12-04 11:30:00,2020,Dec,10,CDH,4,4,1130,180.0,5.0,,30.0,5.0,1.0,1075.0,,,,,,23.7,16.8,11.4,46.0,978.5,1014.3,1015.8,,0.0,0.0
616,2020-12-04 12:00:00,2020,Dec,10,CDH,4,1,1200,180.0,6.0,,32.0,5.0,2.0,2075.0,,,,,,24.6,16.6,10.8,42.0,978.2,1013.8,1015.4,,,
622,2020-12-04 12:30:00,2020,Dec,10,CDH,4,1,1230,180.0,6.0,,32.0,5.0,2.0,2075.0,,,,,,24.7,16.8,11.2,43.0,977.6,1013.2,1014.8,,,
624,2020-12-04 13:00:00,2020,Dec,10,CDH,4,1,1300,150.0,8.0,,32.0,5.0,2.0,2075.0,,,,,,25.1,16.7,10.5,40.0,977.1,1012.7,1014.3,,,
630,2020-12-04 13:30:00,2020,Dec,10,CDH,4,1,1330,180.0,7.0,,40.0,5.0,2.0,2075.0,,,,,,25.3,16.8,10.6,40.0,976.6,1012.1,1013.8,,,
632,2020-12-04 14:00:00,2020,Dec,10,CDH,4,1,1400,170.0,6.0,,45.0,5.0,3.0,3362.0,,,,,,25.4,16.7,10.5,39.0,976.4,1011.9,1013.6,,,
636,2020-12-04 14:30:00,2020,Dec,10,CDH,4,4,1430,160.0,6.0,,45.0,5.0,3.0,3362.0,,,,,,25.4,17.0,11.0,40.0,975.8,1011.2,1012.9,,0.0,0.0
641,2020-12-04 15:00:00,2020,Dec,10,CDH,4,1,1500,180.0,7.0,,45.0,5.0,2.0,2362.0,,,,,,25.2,17.1,11.3,42.0,975.6,1011.1,1012.7,,,
644,2020-12-04 15:30:00,2020,Dec,10,CDH,4,1,1530,170.0,7.0,,45.0,5.0,1.0,1362.0,,,,,,24.3,16.6,11.0,43.0,975.3,1010.9,1012.4,,,
647,2020-12-04 16:00:00,2020,Dec,10,CDH,4,1,1600,170.0,7.0,,45.0,5.0,1.0,1362.0,,,,,,24.3,16.6,11.0,43.0,975.3,1010.9,1012.4,,,
653,2020-12-04 16:30:00,2020,Dec,10,CDH,4,1,1630,999.0,2.0,,40.0,5.0,1.0,1070.0,,,,,,22.4,17.2,12.7,54.0,975.3,1011.1,1012.4,,,
658,2020-12-04 17:00:00,2020,Dec,10,CDH,4,1,1700,999.0,2.0,,35.0,5.0,1.0,1070.0,,,,,,21.4,16.9,12.8,58.0,975.4,1011.3,1012.5,,,
660,2020-12-04 17:30:00,2020,Dec,10,CDH,4,4,1730,999.0,2.0,,30.0,5.0,1.0,1070.0,,,,,,20.5,16.1,12.0,58.0,975.4,1011.4,1012.5,256.0,0.0,0.0
665,2020-12-04 18:00:00,2020,Dec,10,CDH,4,1,1800,110.0,3.0,,30.0,5.0,1.0,1070.0,,,,,,19.7,16.0,12.6,64.0,975.5,1011.6,1012.6,,,
669,2020-12-04 18:30:00,2020,Dec,10,CDH,4,1,1830,80.0,4.0,,30.0,5.0,1.0,1070.0,,,,,,19.7,16.1,13.4,67.0,975.6,1011.7,1012.7,,,
676,2020-12-04 19:00:00,2020,Dec,10,CDH,4,1,1900,80.0,4.0,,30.0,5.0,1.0,1070.0,,,,,,19.7,16.1,13.4,67.0,975.6,1011.7,1012.7,,,
680,2020-12-04 19:30:00,2020,Dec,10,CDH,4,1,1930,999.0,2.0,,30.0,5.0,1.0,1070.0,,,,,,18.6,15.9,13.4,72.0,975.9,1012.2,1013.0,,,
688,2020-12-04 20:00:00,2020,Dec,10,CDH,4,1,2000,999.0,2.0,,30.0,5.0,1.0,1070.0,,,,,,17.8,15.4,13.3,74.0,976.1,1012.5,1013.2,,,
691,2020-12-04 20:30:00,2020,Dec,10,CDH,4,4,2030,999.0,2.0,,30.0,5.0,1.0,1075.0,,,,,,17.8,15.1,12.6,71.0,976.2,1012.6,1013.4,,0.0,0.0
695,2020-12-04 21:00:00,2020,Dec,10,CDH,4,1,2100,999.0,2.0,,30.0,10.0,0.0,,,,,,,17.0,15.0,13.1,78.0,976.5,1013.0,1013.7,,,
704,2020-12-04 22:00:00,2020,Dec,10,CDH,4,1,2200,0.0,0.0,,30.0,10.0,0.0,,,,,,,14.7,14.7,14.7,100.0,976.8,1013.6,1014.0,,,
708,2020-12-04 23:00:00,2020,Dec,10,CDH,4,1,2300,999.0,1.0,,35.0,10.0,0.0,,,,,,,15.5,15.5,15.5,100.0,976.9,1013.6,1014.1,,,
712,2020-12-04 23:30:00,2020,Dec,10,CDH,4,4,2330,999.0,2.0,,35.0,10.0,0.0,,,,,,,16.8,13.9,11.3,76.0,976.7,1013.3,1013.9,,0.0,0.0
714,2020-12-05 00:00:00,2020,Dec,10,CDH,5,1,0,120.0,3.0,,35.0,10.0,0.0,,,,,,,16.0,13.6,11.5,75.0,976.6,1013.3,1013.8,,,
720,2020-12-05 01:00:00,2020,Dec,10,CDH,5,1,100,999.0,2.0,,50.0,5.0,0.0,,,,,,,15.7,13.4,11.1,73.0,976.5,1013.2,1013.7,,,
725,2020-12-05 02:00:00,2020,Dec,10,CDH,5,1,200,110.0,3.0,,50.0,10.0,0.0,,,,,,,15.8,13.5,11.6,77.0,976.7,1013.4,1013.9,,,
730,2020-12-05 02:30:00,2020,Dec,10,CDH,5,4,230,999.0,2.0,,50.0,10.0,0.0,,,,,,,15.9,13.8,11.7,76.0,976.8,1013.5,1014.0,,0.0,0.0
735,2020-12-05 03:00:00,2020,Dec,10,CDH,5,1,300,999.0,2.0,,50.0,10.0,0.0,,,,,,,13.9,13.9,13.9,100.0,976.9,1013.8,1014.1,,,
740,2020-12-05 04:00:00,2020,Dec,10,CDH,5,1,400,999.0,2.0,,40.0,10.0,0.0,,,,,,,14.0,14.0,14.0,100.0,976.8,1013.7,1014.0,,,
744,2020-12-05 05:00:00,2020,Dec,10,CDH,5,1,500,999.0,2.0,,40.0,10.0,0.0,,,,,,,13.6,13.6,13.6,100.0,976.7,1013.6,1013.9,,,
746,2020-12-05 05:30:00,2020,Dec,10,CDH,5,4,530,999.0,2.0,,35.0,10.0,0.0,,,,,,,12.8,12.8,12.8,100.0,976.8,1013.9,1014.0,,0.0,0.0
751,2020-12-05 06:00:00,2020,Dec,10,CDH,5,1,600,999.0,2.0,,35.0,10.0,0.0,,,,,,,13.0,13.0,13.0,100.0,976.7,1013.7,1013.9,,,
756,2020-12-05 06:30:00,2020,Dec,10,CDH,5,1,630,999.0,2.0,,35.0,10.0,0.0,,,,,,,12.0,12.0,12.0,100.0,977.2,1014.4,1014.4,,,
761,2020-12-05 07:00:00,2020,Dec,10,CDH,5,1,700,100.0,3.0,,35.0,10.0,3.0,3360.0,,,,,,13.3,13.3,13.3,100.0,977.4,1014.4,1014.6,,,
762,2020-12-05 07:30:00,2020,Dec,10,CDH,5,1,730,110.0,5.0,,40.0,10.0,4.0,4360.0,,,,,,14.6,14.6,14.6,100.0,977.4,1014.2,1014.6,,,
766,2020-12-05 08:00:00,2020,Dec,10,CDH,5,1,800,0.0,0.0,,40.0,10.0,4.0,4360.0,,,,,,15.2,13.5,11.7,80.0,978.2,1015.0,1015.4,,,
773,2020-12-05 08:30:00,2020,Dec,10,CDH,5,4,830,110.0,5.0,,45.0,5.0,4.0,4360.0,,,,,,17.4,14.4,11.5,68.0,978.3,1014.8,1015.5,113.0,0.0,0.0
777,2020-12-05 09:00:00,2020,Dec,10,CDH,5,1,900,130.0,6.0,,50.0,5.0,4.0,4360.0,,,,,,18.9,14.7,11.6,62.0,978.5,1014.9,1015.7,,,
778,2020-12-05 09:30:00,2020,Dec,10,CDH,5,1,930,130.0,6.0,,60.0,,3.0,3360.0,,,,,,20.3,15.3,11.5,57.0,978.9,1015.1,1016.2,,,
782,2020-12-05 10:00:00,2020,Dec,10,CDH,5,1,1000,140.0,8.0,,60.0,2.0,3.0,3360.0,,,,,,22.4,16.0,11.5,50.0,978.9,1014.8,1016.1,,,
788,2020-12-05 10:30:00,2020,Dec,10,CDH,5,1,1030,160.0,10.0,,60.0,2.0,3.0,3360.0,,,,,,23.2,15.9,10.9,46.0,978.9,1014.7,1016.1,,,
790,2020-12-05 11:00:00,2020,Dec,10,CDH,5,1,1100,160.0,10.0,,60.0,2.0,3.0,3360.0,,,,,,23.2,15.9,10.9,46.0,978.9,1014.7,1016.1,,,
795,2020-12-05 11:30:00,2020,Dec,10,CDH,5,4,1130,160.0,12.0,,60.0,1.0,2.0,2360.0,,,,,,24.2,16.4,10.9,43.0,978.4,1014.1,1015.6,,0.0,0.0
798,2020-12-05 12:00:00,2020,Dec,10,CDH,5,1,1200,150.0,11.0,,60.0,2.0,2.0,2360.0,,,,,,24.6,16.5,10.8,42.0,978.2,1013.8,1015.4,,,
802,2020-12-05 12:30:00,2020,Dec,10,CDH,5,1,1230,160.0,10.0,,60.0,1.0,3.0,3360.0,,,,,,25.2,16.6,10.5,39.0,977.7,1013.3,1014.9,,,
809,2020-12-05 13:00:00,2020,Dec,10,CDH,5,1,1300,160.0,12.0,,60.0,1.0,2.0,2360.0,,,,,,24.9,16.0,9.6,38.0,972.2,1012.8,1014.4,,,
810,2020-12-05 13:30:00,2020,Dec,10,CDH,5,1,1330,150.0,10.0,,60.0,2.0,2.0,2360.0,,,,,,25.7,16.6,10.2,38.0,976.8,1012.3,1014.0,,,
814,2020-12-05 14:00:00,2020,Dec,10,CDH,5,1,1400,160.0,10.0,,60.0,2.0,2.0,2360.0,,,,,,25.5,16.4,10.1,38.0,976.3,1011.8,1013.4,,,
820,2020-12-05 14:30:00,2020,Dec,10,CDH,5,4,1430,160.0,9.0,,60.0,2.0,2.0,2360.0,,,,,,25.5,16.9,10.8,40.0,976.1,1011.6,1013.2,,0.0,0.0
822,2020-12-05 15:00:00,2020,Dec,10,CDH,5,1,1500,170.0,9.0,,60.0,2.0,2.0,2360.0,,,,,,25.3,16.9,11.1,41.0,975.9,1011.4,1013.0,,,
828,2020-12-05 15:30:00,2020,Dec,10,CDH,5,1,1530,170.0,8.0,,60.0,3.0,3.0,3360.0,,,,,,24.9,17.1,11.8,44.0,975.9,1011.4,1013.0,,,
830,2020-12-05 16:00:00,2020,Dec,10,CDH,5,1,1600,160.0,7.0,,60.0,1.0,2.0,2360.0,,,,,,24.5,17.1,12.0,46.0,975.7,1011.2,1012.8,,,
835,2020-12-05 16:30:00,2020,Dec,10,CDH,5,1,1630,160.0,6.0,,60.0,2.0,2.0,2360.0,,,,,,23.7,16.8,11.8,47.0,976.0,1011.7,1013.0,,,
839,2020-12-05 17:00:00,2020,Dec,10,CDH,5,1,1700,170.0,5.0,,60.0,2.0,2.0,2362.0,,,,,,22.6,16.2,11.4,49.0,975.9,1011.7,1013.0,,,
842,2020-12-05 17:30:00,2020,Dec,10,CDH,5,4,1730,140.0,3.0,,50.0,5.0,2.0,2362.0,,,,,,21.3,15.8,11.4,53.0,976.1,1012.1,1013.2,261.0,0.0,0.0
849,2020-12-05 18:00:00,2020,Dec,10,CDH,5,1,1800,999.0,2.0,,50.0,5.0,2.0,2362.0,,,,,,20.8,16.1,11.7,56.0,976.4,1012.4,1013.6,,,
851,2020-12-05 18:30:00,2020,Dec,10,CDH,5,1,1830,0.0,0.0,,50.0,5.0,2.0,2360.0,,,,,,19.5,15.9,12.8,66.0,976.9,1013.1,1014.1,,,
856,2020-12-05 19:00:00,2020,Dec,10,CDH,5,1,1900,190.0,3.0,,50.0,5.0,3.0,2360.0,3075.0,,,,,20.2,16.4,12.9,63.0,977.3,1013.4,1014.5,,,
860,2020-12-05 19:30:00,2020,Dec,10,CDH,5,1,1930,90.0,4.0,,50.0,5.0,3.0,2360.0,3075.0,,,,,20.3,16.2,13.0,63.0,977.5,1013.6,1014.7,,,
863,2020-12-05 20:00:00,2020,Dec,10,CDH,5,1,2000,999.0,1.0,,50.0,5.0,5.0,1360.0,4075.0,,,,,19.9,16.5,13.6,67.0,977.8,1014.0,1015.0,,,
868,2020-12-05 20:30:00,2020,Dec,10,CDH,5,4,2030,90.0,3.0,,45.0,5.0,5.0,1360.0,4075.0,,,,,20.0,16.1,13.1,64.0,977.9,1014.1,1015.1,,0.0,0.0
872,2020-12-05 21:00:00,2020,Dec,10,CDH,5,1,2100,100.0,5.0,,40.0,5.0,5.0,1360.0,4075.0,,,,,19.9,15.6,12.3,62.0,977.7,1013.9,1014.9,,,
876,2020-12-05 22:00:00,2020,Dec,10,CDH,5,1,2200,120.0,6.0,,40.0,5.0,5.0,1360.0,4075.0,,,,,20.2,15.1,11.2,56.0,978.1,1014.3,1015.3,,,
883,2020-12-05 23:00:00,2020,Dec,10,CDH,5,1,2300,130.0,4.0,,40.0,5.0,5.0,1360.0,4075.0,,,,,18.6,14.8,11.6,64.0,978.2,1014.6,1015.4,,,
886,2020-12-05 23:30:00,2020,Dec,10,CDH,5,4,2330,140.0,4.0,,40.0,5.0,5.0,1360.0,4075.0,,,,,18.8,14.8,11.4,62.0,977.8,1014.2,1015.1,,0.0,0.0
891,2020-12-06 00:00:00,2020,Dec,10,CDH,6,1,0,120.0,3.0,,40.0,5.0,6.0,3360.0,4075.0,,,,,18.4,15.0,11.7,65.0,977.9,1014.3,1015.1,,,
896,2020-12-06 01:00:00,2020,Dec,10,CDH,6,1,100,999.0,2.0,,40.0,5.0,6.0,3360.0,4075.0,,,,,17.7,14.9,12.2,70.0,977.9,1014.4,1015.1,,,
901,2020-12-06 02:00:00,2020,Dec,10,CDH,6,1,200,999.0,2.0,,40.0,10.0,5.0,3360.0,3075.0,,,,,16.5,15.1,13.9,84.0,978.7,1015.3,1015.9,,,
906,2020-12-06 02:30:00,2020,Dec,10,CDH,6,4,230,999.0,1.0,,40.0,10.0,5.0,3360.0,3075.0,,,,,16.3,15.0,13.5,86.0,978.6,1015.2,1018.8,,0.0,0.0
909,2020-12-06 03:00:00,2020,Dec,10,CDH,6,1,300,999.0,1.0,,40.0,10.0,5.0,3360.0,3075.0,,,,,16.1,14.8,13.3,85.0,978.5,1015.1,1015.7,,,
913,2020-12-06 04:00:00,2020,Dec,10,CDH,6,1,400,999.0,1.0,,40.0,10.0,6.0,3360.0,3075.0,,,,,15.9,14.5,13.0,83.0,978.4,1015.1,1015.6,,,
919,2020-12-06 05:00:00,2020,Dec,10,CDH,6,1,500,999.0,1.0,,40.0,5.0,6.0,3360.0,3075.0,,,,,16.3,13.4,10.4,68.0,978.5,1015.2,1015.7,,,
924,2020-12-06 05:30:00,2020,Dec,10,CDH,6,4,530,999.0,1.0,,40.0,5.0,3.0,3360.0,,,,,,16.1,13.5,10.5,69.0,978.6,1015.3,1015.8,,0.0,0.0
928,2020-12-06 06:00:00,2020,Dec,10,CDH,6,1,600,999.0,1.0,,40.0,5.0,3.0,3360.0,,,,,,15.6,12.9,10.0,69.0,978.8,1015.6,1016.0,,,
929,2020-12-06 06:30:00,2020,Dec,10,CDH,6,1,630,0.0,0.0,,40.0,5.0,2.0,2360.0,,,,,,15.1,12.8,10.1,72.0,979.2,1016.1,1016.4,,,
935,2020-12-06 07:00:00,2020,Dec,10,CDH,6,1,700,50.0,3.0,,40.0,5.0,3.0,2360.0,2075.0,,,,,14.8,12.1,9.5,70.0,979.5,1016.4,1016.7,,,
940,2020-12-06 07:30:00,2020,Dec,10,CDH,6,1,730,50.0,5.0,,40.0,5.0,4.0,3360.0,2075.0,,,,,15.5,12.3,9.4,67.0,979.9,1016.8,1017.2,,,
944,2020-12-06 08:00:00,2020,Dec,10,CDH,6,1,800,40.0,4.0,,40.0,5.0,4.0,3360.0,1075.0,,,,,16.6,12.8,9.3,62.0,980.5,1017.2,1017.8,,,
946,2020-12-06 08:30:00,2020,Dec,10,CDH,6,4,830,999.0,2.0,,45.0,5.0,4.0,3360.0,2075.0,,,,,18.4,14.4,9.5,56.0,980.6,1017.1,1017.9,145.0,0.0,0.0
952,2020-12-06 09:00:00,2020,Dec,10,CDH,6,1,900,999.0,1.0,,50.0,5.0,4.0,3360.0,2075.0,,,,,19.8,14.8,9.7,52.0,980.9,1017.3,1018.3,,,
956,2020-12-06 09:30:00,2020,Dec,10,CDH,6,1,930,999.0,2.0,,50.0,5.0,4.0,4360.0,,,,,,21.1,15.6,10.2,50.0,981.4,1017.6,1018.7,,,
957,2020-12-06 10:00:00,2020,Dec,10,CDH,6,1,1000,150.0,5.0,,50.0,5.0,2.0,2362.0,,,,,,22.9,15.3,9.0,41.0,981.5,1017.4,1018.8,,,
963,2020-12-06 10:30:00,2020,Dec,10,CDH,6,1,1030,130.0,5.0,,50.0,5.0,2.0,2362.0,,,,,,23.3,16.0,10.3,44.0,981.6,1017.6,1019.0,,,
966,2020-12-06 11:00:00,2020,Dec,10,CDH,6,1,1100,140.0,6.0,,50.0,5.0,0.0,,,,,,,24.2,16.7,11.1,44.0,981.7,1017.6,1019.1,,,
970,2020-12-06 11:30:00,2020,Dec,10,CDH,6,4,1130,110.0,7.0,,50.0,5.0,0.0,,,,,,,25.0,17.1,11.5,44.0,981.4,1017.1,1018.7,,0.0,0.0
974,2020-12-06 12:00:00,2020,Dec,10,CDH,6,1,1200,150.0,5.0,,50.0,5.0,0.0,,,,,,,25.3,17.4,11.2,41.0,981.2,1016.9,1018.5,,,
977,2020-12-06 12:30:00,2020,Dec,10,CDH,6,1,1230,999.0,2.0,,50.0,5.0,0.0,,,,,,,25.9,17.9,10.5,38.0,981.0,1016.6,1018.3,,,
981,2020-12-06 13:00:00,2020,Dec,10,CDH,6,1,1300,999.0,2.0,,50.0,5.0,0.0,,,,,,,26.2,17.3,10.1,36.0,980.5,1016.0,1017.8,,,
986,2020-12-06 13:30:00,2020,Dec,10,CDH,6,1,1330,120.0,3.0,,50.0,5.0,0.0,,,,,,,26.4,17.2,9.8,32.0,980.2,1015.8,1017.5,,,
990,2020-12-06 14:00:00,2020,Dec,10,CDH,6,1,1400,999.0,2.0,,50.0,5.0,0.0,,,,,,,26.7,18.6,11.5,39.0,979.6,1015.0,1016.9,,,
994,2020-12-06 14:30:00,2020,Dec,10,CDH,6,4,1430,999.0,2.0,,50.0,5.0,0.0,,,,,,,26.2,18.1,10.8,38.0,979.4,1014.9,1016.6,,0.0,0.0
999,2020-12-06 15:00:00,2020,Dec,10,CDH,6,1,1500,999.0,2.0,,50.0,5.0,0.0,,,,,,,26.2,18.1,10.7,38.0,979.0,1014.5,1016.2,,,
1004,2020-12-06 15:30:00,2020,Dec,10,CDH,6,1,1530,999.0,2.0,,50.0,5.0,0.0,,,,,,,26.2,18.2,11.1,39.0,978.8,1014.3,1016.0,,,
1007,2020-12-06 16:00:00,2020,Dec,10,CDH,6,1,1600,270.0,3.0,,50.0,5.0,1.0,1075.0,,,,,,25.8,17.7,11.5,41.0,978.8,1014.3,1016.0,,,
1010,2020-12-06 16:30:00,2020,Dec,10,CDH,6,1,1630,999.0,2.0,,45.0,5.0,1.0,1075.0,,,,,,24.8,18.1,12.1,45.0,978.8,1014.4,1016.0,,,
1015,2020-12-06 17:00:00,2020,Dec,10,CDH,6,1,1700,999.0,2.0,,40.0,5.0,1.0,1075.0,,,,,,23.3,17.9,13.3,53.0,978.8,1014.5,1016.0,,,
1019,2020-12-06 17:30:00,2020,Dec,10,CDH,6,4,1730,999.0,2.0,,40.0,5.0,1.0,1075.0,,,,,,21.4,16.7,12.3,56.0,978.7,1014.7,1015.9,268.0,0.0,0.0
1022,2020-12-06 18:00:00,2020,Dec,10,CDH,6,1,1800,999.0,2.0,,40.0,5.0,0.0,,,,,,,19.5,16.7,13.9,70.0,978.8,1015.1,1016.0,,,
1025,2020-12-06 18:30:00,2020,Dec,10,CDH,6,1,1830,330.0,3.0,,35.0,5.0,0.0,,,,,,,19.1,15.9,13.4,70.0,978.8,1015.1,1016.0,,,
1029,2020-12-06 19:00:00,2020,Dec,10,CDH,6,1,1900,999.0,1.0,,35.0,5.0,0.0,,,,,,,19.2,16.3,13.4,69.0,978.9,1015.2,1016.1,,,
1035,2020-12-06 19:30:00,2020,Dec,10,CDH,6,1,1930,999.0,1.0,,35.0,5.0,0.0,,,,,,,17.9,16.1,14.4,74.0,979.2,1015.7,1016.4,,,
1040,2020-12-06 20:00:00,2020,Dec,10,CDH,6,1,2000,999.0,1.0,,35.0,5.0,0.0,,,,,,,17.8,15.9,14.2,74.0,979.6,1016.1,1016.9,,,
1041,2020-12-06 20:30:00,2020,Dec,10,CDH,6,4,2030,0.0,0.0,,35.0,10.0,0.0,,,,,,,17.5,15.9,14.3,82.0,979.8,1016.4,1017.1,,0.0,0.0
1045,2020-12-06 21:00:00,2020,Dec,10,CDH,6,1,2100,999.0,1.0,,35.0,10.0,0.0,,,,,,,16.9,15.4,14.1,84.0,979.7,1016.3,1017.0,,,
1053,2020-12-06 22:00:00,2020,Dec,10,CDH,6,1,2200,999.0,1.0,,35.0,10.0,0.0,,,,,,,16.0,16.0,16.0,100.0,979.9,1016.7,1017.3,,,
1057,2020-12-06 23:00:00,2020,Dec,10,CDH,6,1,2300,999.0,1.0,,35.0,10.0,0.0,,,,,,,14.7,14.4,14.0,96.0,980.5,1017.4,1017.8,,,
1061,2020-12-06 23:30:00,2020,Dec,10,CDH,6,4,2330,999.0,1.0,,35.0,10.0,0.0,,,,,,,15.1,15.1,15.1,100.0,980.2,1017.1,1017.5,,0.0,0.0
1066,2020-12-07 00:00:00,2020,Dec,10,CDH,7,1,0,999.0,1.0,,35.0,10.0,0.0,,,,,,,14.4,14.4,14.4,100.0,980.2,1017.2,1017.5,,,
1071,2020-12-07 01:00:00,2020,Dec,10,CDH,7,1,100,999.0,2.0,,35.0,10.0,0.0,,,,,,,14.5,14.5,14.5,100.0,980.0,1017.0,1016.6,,,
1075,2020-12-07 02:00:00,2020,Dec,10,CDH,7,1,200,999.0,2.0,,35.0,10.0,6.0,6362.0,,,,,,14.1,14.1,14.1,100.0,979.1,1016.1,1016.3,,,
1077,2020-12-07 02:30:00,2020,Dec,10,CDH,7,4,230,999.0,2.0,,35.0,10.0,4.0,4360.0,,,,,,13.8,13.8,13.8,100.0,978.9,1015.9,1016.1,,0.0,0.0
1081,2020-12-07 03:00:00,2020,Dec,10,CDH,7,1,300,999.0,2.0,,35.0,10.0,4.0,4362.0,,,,,,14.2,14.2,14.2,100.0,978.7,1015.6,1015.9,,,
1089,2020-12-07 04:00:00,2020,Dec,10,CDH,7,1,400,999.0,2.0,,35.0,10.0,3.0,3362.0,,,,,,14.0,14.0,14.0,100.0,978.5,1015.3,1015.6,,,
1094,2020-12-07 05:00:00,2020,Dec,10,CDH,7,1,500,999.0,2.0,,35.0,10.0,3.0,3362.0,,,,,,12.7,12.7,12.7,100.0,978.9,1016.1,1016.1,,,
1095,2020-12-07 05:30:00,2020,Dec,10,CDH,7,4,530,999.0,2.0,,35.0,10.0,2.0,2362.0,,,,,,13.3,13.3,13.3,100.0,979.1,1016.2,1016.3,,0.0,0.0
1101,2020-12-07 06:00:00,2020,Dec,10,CDH,7,1,600,999.0,2.0,,30.0,10.0,1.0,1360.0,,,,,,13.5,13.5,13.5,100.0,979.1,1016.1,1016.3,,,
1103,2020-12-07 06:30:00,2020,Dec,10,CDH,7,1,630,999.0,2.0,,30.0,10.0,1.0,1362.0,,,,,,13.1,13.1,13.1,100.0,979.5,1016.6,1016.8,,,
1108,2020-12-07 07:00:00,2020,Dec,10,CDH,7,1,700,999.0,1.0,,27.0,10.0,1.0,1360.0,,,,,,12.4,12.4,12.4,100.0,979.9,1017.1,1017.2,,,
1113,2020-12-07 07:30:00,2020,Dec,10,CDH,7,1,730,999.0,1.0,,27.0,10.0,3.0,3360.0,,,,,,13.0,13.0,13.0,100.0,980.3,1017.4,1017.5,,,
1116,2020-12-07 08:00:00,2020,Dec,10,CDH,7,1,800,999.0,2.0,,22.0,10.0,2.0,2360.0,,,,,,13.6,13.6,13.6,100.0,980.5,1017.5,1017.8,,,
1121,2020-12-07 08:30:00,2020,Dec,10,CDH,7,4,830,999.0,2.0,,22.0,10.0,2.0,2360.0,,,,,,15.4,15.4,15.4,100.0,980.9,1017.7,1018.2,120.0,0.0,0.0
1126,2020-12-07 09:00:00,2020,Dec,10,CDH,7,1,900,999.0,2.0,,22.0,10.0,2.0,2360.0,,,,,,17.2,15.3,13.5,79.0,981.2,1017.9,1018.5,,,
1129,2020-12-07 09:30:00,2020,Dec,10,CDH,7,1,930,999.0,1.0,,25.0,5.0,0.0,,,,,,,19.3,15.2,11.2,60.0,981.6,1018.0,1018.9,,,
1134,2020-12-07 10:00:00,2020,Dec,10,CDH,7,1,1000,280.0,4.0,,28.0,5.0,0.0,,,,,,,21.5,15.3,9.9,47.0,982.3,1018.5,1019.6,,,
1137,2020-12-07 10:30:00,2020,Dec,10,CDH,7,1,1030,330.0,5.0,,30.0,5.0,0.0,,,,,,,22.6,13.9,5.9,34.0,982.2,1018.3,1019.6,,,
1139,2020-12-07 11:00:00,2020,Dec,10,CDH,7,1,1100,350.0,6.0,,35.0,5.0,0.0,,,,,,,23.8,16.3,10.6,43.0,981.9,1017.8,1019.2,,,
1144,2020-12-07 11:30:00,2020,Dec,10,CDH,7,4,1130,320.0,7.0,,40.0,5.0,0.0,,,,,,,24.5,16.2,9.6,38.0,981.4,1017.2,1018.8,,0.0,0.0
1147,2020-12-07 12:00:00,2020,Dec,10,CDH,7,1,1200,310.0,7.0,,50.0,5.0,0.0,,,,,,,25.8,17.4,11.6,41.0,980.8,1016.4,1018.1,,,
1153,2020-12-07 12:30:00,2020,Dec,10,CDH,7,1,1230,310.0,9.0,,50.0,5.0,0.0,,,,,,,26.4,17.2,10.9,38.0,980.4,1015.9,1017.7,,,
1156,2020-12-07 13:00:00,2020,Dec,10,CDH,7,1,1300,300.0,7.0,,50.0,5.0,0.0,,,,,,,26.6,17.3,10.6,37.0,979.9,1015.3,1017.1,,,
1159,2020-12-07 13:30:00,2020,Dec,10,CDH,7,1,1330,280.0,11.0,,50.0,5.0,0.0,,,,,,,26.7,17.3,10.8,37.0,979.5,1015.0,1016.8,,,
1164,2020-12-07 14:00:00,2020,Dec,10,CDH,7,1,1400,290.0,9.0,,50.0,5.0,0.0,,,,,,,27.0,17.5,11.1,37.0,979.3,1014.7,1016.5,,,
1171,2020-12-07 14:30:00,2020,Dec,10,CDH,7,4,1430,290.0,10.0,,50.0,5.0,0.0,,,,,,,27.2,17.4,11.2,37.0,979.3,1014.7,1016.5,,0.0,0.0
1177,2020-12-07 15:00:00,2020,Dec,10,CDH,7,1,1500,300.0,10.0,,50.0,5.0,0.0,,,,,,,27.1,17.6,11.1,37.0,979.4,1014.8,1016.6,,,
1180,2020-12-07 15:30:00,2020,Dec,10,CDH,7,1,1530,300.0,10.0,,50.0,5.0,0.0,,,,,,,26.3,16.6,9.8,35.0,979.4,1014.9,1016.6,,,
1186,2020-12-07 16:00:00,2020,Dec,10,CDH,7,1,1600,310.0,8.0,,50.0,5.0,0.0,,,,,,,25.8,17.2,11.2,40.0,979.4,1014.9,1016.6,,,
1189,2020-12-07 16:30:00,2020,Dec,10,CDH,7,1,1630,300.0,8.0,,50.0,5.0,0.0,,,,,,,24.6,16.4,10.4,40.0,979.6,1015.3,1016.8,,,
1194,2020-12-07 17:00:00,2020,Dec,10,CDH,7,1,1700,310.0,7.0,,40.0,5.0,0.0,,,,,,,23.1,16.2,11.2,47.0,979.6,1015.5,1016.8,,,
1197,2020-12-07 17:30:00,2020,Dec,10,CDH,7,4,1730,340.0,5.0,,30.0,5.0,0.0,,,,,,,22.3,14.0,5.8,34.0,979.5,1015.5,1016.7,274.0,0.0,0.0
1201,2020-12-07 18:00:00,2020,Dec,10,CDH,7,1,1800,320.0,6.0,,30.0,5.0,1.0,1362.0,,,,,,21.5,16.2,12.3,56.0,979.7,1015.8,1017.0,,,
1206,2020-12-07 18:30:00,2020,Dec,10,CDH,7,1,1830,360.0,4.0,,30.0,5.0,1.0,1362.0,,,,,,20.5,16.1,12.8,61.0,979.9,1016.1,1017.2,,,
1211,2020-12-07 19:00:00,2020,Dec,10,CDH,7,1,1900,350.0,4.0,,30.0,5.0,0.0,,,,,,,19.9,13.8,8.0,46.0,980.0,1016.3,1017.3,,,
1216,2020-12-07 19:30:00,2020,Dec,10,CDH,7,1,1930,340.0,4.0,,30.0,5.0,0.0,,,,,,,19.3,15.8,13.0,67.0,980.0,1016.3,1017.3,,,
1217,2020-12-07 20:00:00,2020,Dec,10,CDH,7,1,2000,290.0,3.0,,30.0,5.0,0.0,,,,,,,17.3,12.8,8.4,59.0,980.3,1017.0,1017.6,,,
1224,2020-12-07 20:30:00,2020,Dec,10,CDH,7,4,2030,320.0,4.0,,30.0,5.0,0.0,,,,,,,17.3,14.8,12.9,74.0,980.3,1016.9,1017.6,,0.0,0.0
1228,2020-12-07 21:00:00,2020,Dec,10,CDH,7,1,2100,340.0,5.0,,30.0,5.0,0.0,,,,,,,18.3,14.6,11.6,65.0,980.4,1016.9,1017.7,,,
1238,2020-12-07 22:00:00,2020,Dec,10,CDH,7,1,2200,999.0,2.0,,35.0,10.0,1.0,1360.0,,,,,,16.6,14.6,12.6,78.0,980.6,1017.3,1017.9,,,
1241,2020-12-07 23:00:00,2020,Dec,10,CDH,7,1,2300,0.0,0.0,,35.0,10.0,1.0,1360.0,,,,,,16.2,14.5,12.6,79.0,980.7,1017.5,1018.0,,,
1249,2020-12-07 23:30:00,2020,Dec,10,CDH,7,4,2330,999.0,1.0,,35.0,10.0,1.0,1360.0,,,,,,16.6,14.4,12.0,76.0,980.6,1017.3,1017.9,,0.0,0.0
1255,2020-12-08 00:00:00,2020,Dec,10,CDH,8,1,0,0.0,0.0,,35.0,10.0,2.0,2360.0,,,,,,14.9,14.9,14.9,100.0,980.5,1017.4,1017.8,,,
1260,2020-12-08 01:00:00,2020,Dec,10,CDH,8,1,100,999.0,1.0,,35.0,10.0,2.0,2360.0,,,,,,13.6,13.6,13.6,100.0,980.1,1017.2,1017.4,,,
1265,2020-12-08 02:00:00,2020,Dec,10,CDH,8,1,200,999.0,1.0,,35.0,10.0,2.0,2360.0,,,,,,13.4,13.4,13.4,100.0,979.8,1016.9,1017.1,,,
1271,2020-12-08 02:30:00,2020,Dec,10,CDH,8,4,230,999.0,1.0,,35.0,10.0,2.0,2360.0,,,,,,13.3,13.3,13.3,100.0,979.8,1016.9,1017.0,,0.0,0.0
1278,2020-12-08 03:00:00,2020,Dec,10,CDH,8,1,300,999.0,1.0,,30.0,10.0,2.0,2360.0,,,,,,12.4,12.4,12.4,100.0,980.0,1017.2,1017.3,,,
1284,2020-12-08 04:00:00,2020,Dec,10,CDH,8,1,400,0.0,0.0,,35.0,10.0,2.0,2360.0,,,,,,12.0,11.6,11.2,95.0,980.1,1017.4,1017.4,,,
1291,2020-12-08 05:00:00,2020,Dec,10,CDH,8,1,500,0.0,0.0,,35.0,10.0,4.0,4360.0,,,,,,12.7,12.4,12.1,96.0,980.0,1017.2,1017.3,,,
1297,2020-12-08 05:30:00,2020,Dec,10,CDH,8,4,530,0.0,0.0,,35.0,10.0,4.0,4360.0,,,,,,13.5,13.2,13.0,97.0,980.1,1017.2,1017.4,,0.0,0.0
1298,2020-12-08 06:00:00,2020,Dec,10,CDH,8,1,600,0.0,0.0,,30.0,10.0,4.0,4360.0,,,,,,12.4,12.2,11.9,97.0,980.6,1017.9,1017.9,,,
1304,2020-12-08 06:30:00,2020,Dec,10,CDH,8,1,630,999.0,1.0,,30.0,10.0,4.0,4362.0,,,,,,13.0,12.8,12.5,97.0,981.0,1018.2,1018.3,,,
1308,2020-12-08 07:00:00,2020,Dec,10,CDH,8,1,700,999.0,1.0,,30.0,10.0,5.0,5362.0,,,,,,12.9,12.7,12.4,97.0,981.6,1018.8,1018.9,,,
1310,2020-12-08 07:30:00,2020,Dec,10,CDH,8,1,730,999.0,1.0,,30.0,10.0,5.0,3362.0,3075.0,,,,,12.8,12.6,12.3,97.0,982.0,1019.3,1019.3,,,
1315,2020-12-08 08:00:00,2020,Dec,10,CDH,8,1,800,999.0,1.0,,35.0,10.0,5.0,3362.0,3075.0,,,,,13.6,13.3,13.0,96.0,982.5,1019.7,1019.8,,,
1318,2020-12-08 08:30:00,2020,Dec,10,CDH,8,4,830,999.0,2.0,,30.0,10.0,5.0,3362.0,3075.0,,,,,15.1,15.1,15.1,100.0,982.8,1019.8,1020.2,117.0,0.0,0.0
1323,2020-12-08 09:00:00,2020,Dec,10,CDH,8,1,900,999.0,2.0,,30.0,10.0,5.0,3362.0,3075.0,,,,,17.0,14.8,12.7,76.0,983.3,1020.0,1020.7,,,
1329,2020-12-08 09:30:00,2020,Dec,10,CDH,8,1,930,120.0,4.0,,20.0,5.0,4.0,3360.0,2075.0,,,,,18.4,15.7,13.6,73.0,983.4,1020.0,1020.8,,,
1336,2020-12-08 10:00:00,2020,Dec,10,CDH,8,1,1000,140.0,6.0,,25.0,5.0,2.0,2360.0,,,,,,19.7,15.6,12.6,64.0,983.6,1020.1,1021.0,,,
1338,2020-12-08 10:30:00,2020,Dec,10,CDH,8,1,1030,140.0,8.0,,25.0,5.0,2.0,2360.0,,,,,,20.8,17.0,14.6,68.0,983.6,1019.8,1021.0,,,
1346,2020-12-08 11:00:00,2020,Dec,10,CDH,8,1,1100,140.0,8.0,,25.0,5.0,1.0,1360.0,,,,,,21.7,17.8,15.4,67.0,983.3,1019.4,1020.7,,,
1350,2020-12-08 11:30:00,2020,Dec,10,CDH,8,4,1130,140.0,8.0,,25.0,5.0,1.0,1360.0,,,,,,22.5,18.1,15.5,65.0,983.0,1019.0,1020.4,,0.0,0.0
1356,2020-12-08 12:00:00,2020,Dec,10,CDH,8,1,1200,160.0,8.0,,25.0,5.0,1.0,1360.0,,,,,,22.9,17.3,13.5,55.0,982.6,1018.6,1019.9,,,
1358,2020-12-08 12:30:00,2020,Dec,10,CDH,8,1,1230,150.0,7.0,,25.0,5.0,1.0,1360.0,,,,,,23.7,18.4,15.1,59.0,982.0,1017.8,1019.3,,,
1365,2020-12-08 13:00:00,2020,Dec,10,CDH,8,1,1300,140.0,5.0,,25.0,5.0,1.0,1360.0,,,,,,24.4,18.5,15.0,56.0,981.6,1017.3,1018.9,,,
1370,2020-12-08 13:30:00,2020,Dec,10,CDH,8,1,1330,140.0,3.0,,25.0,5.0,1.0,1360.0,,,,,,24.8,19.2,14.7,53.0,981.3,1016.9,1018.6,,,
1375,2020-12-08 14:00:00,2020,Dec,10,CDH,8,1,1400,190.0,4.0,,25.0,5.0,1.0,1360.0,,,,,,24.7,18.5,14.2,52.0,980.2,1016.5,1018.1,,,
1380,2020-12-08 14:30:00,2020,Dec,10,CDH,8,4,1430,180.0,3.0,,25.0,5.0,1.0,1360.0,,,,,,24.8,18.8,15.7,50.0,980.3,1015.9,1017.6,,0.0,0.0
1387,2020-12-08 15:00:00,2020,Dec,10,CDH,8,1,1500,210.0,3.0,,25.0,5.0,0.0,,,,,,,24.9,18.7,14.4,52.0,980.0,1015.6,1017.3,,,
1393,2020-12-08 15:30:00,2020,Dec,10,CDH,8,1,1530,260.0,3.0,,25.0,5.0,0.0,,,,,,,25.0,18.8,13.8,50.0,979.8,1015.4,1017.1,,,
1398,2020-12-08 16:00:00,2020,Dec,10,CDH,8,1,1600,250.0,3.0,,28.0,5.0,0.0,,,,,,,24.6,18.9,14.3,53.0,979.7,1015.3,1017.0,,,
1404,2020-12-08 16:30:00,2020,Dec,10,CDH,8,1,1630,999.0,2.0,,28.0,5.0,0.0,,,,,,,23.8,18.8,14.8,57.0,979.5,1015.2,1016.7,,,
1406,2020-12-08 17:00:00,2020,Dec,10,CDH,8,1,1700,999.0,2.0,,28.0,5.0,0.0,,,,,,,22.7,18.4,14.9,61.0,979.5,1015.2,1016.5,,,
1410,2020-12-08 17:30:00,2020,Dec,10,CDH,8,4,1730,999.0,2.0,,25.0,5.0,0.0,,,,,,,20.6,17.1,14.6,69.0,979.3,1015.4,1016.5,254.0,0.0,0.0
1415,2020-12-08 18:00:00,2020,Dec,10,CDH,8,1,1800,999.0,2.0,,25.0,10.0,0.0,,,,,,,19.6,17.5,15.5,77.0,979.3,1015.5,1016.5,,,
1420,2020-12-08 18:30:00,2020,Dec,10,CDH,8,1,1830,0.0,0.0,,25.0,10.0,0.0,,,,,,,18.6,17.2,15.9,84.0,979.6,1016.0,1016.9,,,
1425,2020-12-08 19:00:00,2020,Dec,10,CDH,8,1,1900,0.0,0.0,,27.0,10.0,0.0,,,,,,,17.7,17.7,17.7,100.0,979.8,1016.3,1017.1,,,
1431,2020-12-08 19:30:00,2020,Dec,10,CDH,8,1,1930,999.0,1.0,,27.0,10.0,0.0,,,,,,,17.2,17.2,17.2,100.0,980.0,1016.5,1017.3,,,
1439,2020-12-08 20:00:00,2020,Dec,10,CDH,8,1,2000,999.0,2.0,,25.0,10.0,0.0,,,,,,,17.2,17.2,17.2,100.0,980.0,1016.5,1017.3,,,
1443,2020-12-08 20:30:00,2020,Dec,10,CDH,8,4,2030,999.0,2.0,,25.0,10.0,0.0,,,,,,,18.1,18.1,18.1,100.0,980.0,1016.4,1017.3,,0.0,0.0
1445,2020-12-08 21:00:00,2020,Dec,10,CDH,8,1,2100,0.0,0.0,,25.0,10.0,0.0,,,,,,,16.8,16.8,16.8,100.0,980.1,1016.7,1017.4,,,
1452,2020-12-08 22:00:00,2020,Dec,10,CDH,8,1,2200,999.0,1.0,,20.0,10.0,0.0,,,,,,,15.4,15.4,15.4,100.0,980.3,1017.1,1017.6,,,
1458,2020-12-08 23:00:00,2020,Dec,10,CDH,8,1,2300,999.0,2.0,,15.0,10.0,0.0,,,,,,,15.7,15.7,15.7,100.0,980.4,1017.2,1017.7,,,
1463,2020-12-08 23:30:00,2020,Dec,10,CDH,8,4,2330,999.0,1.0,,12.0,10.0,0.0,,,,,,,14.8,14.7,14.8,100.0,980.5,1017.4,1017.8,,0.0,0.0
1468,2020-12-09 00:00:00,2020,Dec,10,CDH,9,1,0,999.0,1.0,,12.0,10.0,0.0,,,,,,,14.6,14.6,14.6,100.0,980.5,1017.4,1017.8,,,
1472,2020-12-09 01:00:00,2020,Dec,10,CDH,9,1,100,999.0,1.0,,15.0,10.0,0.0,,,,,,,13.9,13.9,13.9,100.0,980.1,1017.1,1017.4,,,
1477,2020-12-09 02:00:00,2020,Dec,10,CDH,9,1,200,999.0,1.0,,15.0,10.0,0.0,,,,,,,14.4,14.4,14.4,100.0,979.9,1016.9,1017.2,,,
1481,2020-12-09 02:30:00,2020,Dec,10,CDH,9,4,230,999.0,1.0,,15.0,10.0,0.0,,,,,,,13.3,13.3,13.3,100.0,980.0,1017.1,1017.3,,0.0,0.0
1486,2020-12-09 03:00:00,2020,Dec,10,CDH,9,1,300,0.0,0.0,,15.0,10.0,0.0,,,,,,,12.6,12.6,12.6,100.0,979.7,1017.0,1017.0,,,
1492,2020-12-09 04:00:00,2020,Dec,10,CDH,9,1,400,999.0,1.0,,15.0,10.0,0.0,,,,,,,12.7,12.7,12.7,100.0,979.1,1016.3,1016.3,,,
1497,2020-12-09 05:00:00,2020,Dec,10,CDH,9,1,500,999.0,2.0,,15.0,10.0,0.0,,,,,,,12.3,12.3,12.3,100.0,979.1,1016.3,1016.3,,,
1500,2020-12-09 05:30:00,2020,Dec,10,CDH,9,4,530,999.0,1.0,,20.0,10.0,0.0,,,,,,,12.2,12.2,12.2,100.0,978.8,1016.0,1016.0,,0.0,0.0
1505,2020-12-09 06:00:00,2020,Dec,10,CDH,9,1,600,999.0,1.0,,20.0,10.0,0.0,,,,,,,11.4,11.4,11.4,100.0,979.0,1016.4,1016.2,,,
1508,2020-12-09 06:30:00,2020,Dec,10,CDH,9,1,630,0.0,0.0,,20.0,10.0,2.0,2360.0,,,,,,11.6,11.6,11.6,100.0,979.0,1016.3,1016.2,,,
1513,2020-12-09 07:00:00,2020,Dec,10,CDH,9,1,700,999.0,2.0,,15.0,10.0,4.0,4360.0,,,,,,12.1,12.1,12.1,100.0,979.1,1016.4,1016.3,,,
1516,2020-12-09 07:30:00,2020,Dec,10,CDH,9,1,730,999.0,1.0,,15.0,10.0,4.0,4360.0,,,,,,11.3,11.3,11.3,100.0,979.8,1017.2,1017.1,,,
1518,2020-12-09 08:00:00,2020,Dec,10,CDH,9,1,800,999.0,2.0,,18.0,10.0,4.0,4362.0,,,,,,13.9,13.9,13.9,100.0,979.7,1016.7,1017.0,,,
1524,2020-12-09 08:30:00,2020,Dec,10,CDH,9,4,830,999.0,2.0,,18.0,10.0,4.0,4362.0,,,,,,14.6,14.6,14.6,100.0,979.9,1017.2,1017.6,109.0,0.0,0.0
1529,2020-12-09 09:00:00,2020,Dec,10,CDH,9,1,900,999.0,2.0,,20.0,10.0,5.0,2360.0,5070.0,,,,,15.8,15.8,15.8,100.0,980.8,1017.5,1018.1,,,
1532,2020-12-09 09:30:00,2020,Dec,10,CDH,9,1,930,999.0,2.0,,20.0,10.0,5.0,3360.0,4070.0,,,,,16.4,16.4,16.4,100.0,980.7,1017.4,1018.0,,,
1534,2020-12-09 10:00:00,2020,Dec,10,CDH,9,1,1000,110.0,3.0,,15.0,10.0,6.0,3360.0,5070.0,,,,,17.5,15.6,13.8,79.0,980.9,1017.5,1018.2,,,
1539,2020-12-09 10:30:00,2020,Dec,10,CDH,9,1,1030,100.0,3.0,,15.0,10.0,6.0,5362.0,3075.0,,,,,19.9,17.6,14.8,75.0,980.9,1017.1,1018.2,,,
1545,2020-12-09 11:00:00,2020,Dec,10,CDH,9,1,1100,190.0,3.0,,15.0,5.0,4.0,2362.0,4075.0,,,,,21.6,17.7,14.5,63.0,980.8,1016.8,1018.1,,,
1546,2020-12-09 11:30:00,2020,Dec,10,CDH,9,4,1130,200.0,3.0,,15.0,5.0,4.0,2362.0,3075.0,,,,,22.0,16.5,12.3,54.0,980.5,1016.5,1017.8,,0.0,0.0
1553,2020-12-09 12:00:00,2020,Dec,10,CDH,9,1,1200,200.0,3.0,,15.0,5.0,4.0,1362.0,4075.0,,,,,23.1,18.4,15.2,61.0,980.3,1015.8,1017.3,,,
1557,2020-12-09 12:30:00,2020,Dec,10,CDH,9,1,1230,260.0,3.0,,15.0,5.0,4.0,1362.0,3075.0,,,,,23.9,18.6,14.2,54.0,979.6,1015.3,1016.8,,,
1560,2020-12-09 13:00:00,2020,Dec,10,CDH,9,1,1300,300.0,3.0,,15.0,5.0,5.0,1362.0,5075.0,,,,,24.5,18.6,13.7,51.0,978.8,1014.4,1016.0,,,
1564,2020-12-09 13:30:00,2020,Dec,10,CDH,9,1,1330,250.0,4.0,,15.0,5.0,5.0,2362.0,5075.0,,,,,24.7,18.4,14.0,52.0,978.4,1014.0,1015.6,,,
1569,2020-12-09 14:00:00,2020,Dec,10,CDH,9,1,1400,290.0,5.0,,15.0,5.0,6.0,2362.0,5075.0,,,,,26.2,15.7,8.5,48.0,978.0,1013.5,1015.2,,,
1570,2020-12-09 14:20:00,2020,Dec,10,CDH,9,3,1420,320.0,8.0,,25.0,5.0,6.0,1362.0,5075.0,,,,,26.2,14.3,6.4,34.0,977.8,1013.3,1015.0,,,
1572,2020-12-09 14:30:00,2020,Dec,10,CDH,9,4,1430,320.0,8.0,,30.0,5.0,6.0,1362.0,5075.0,,,,,26.1,14.4,4.2,23.0,977.6,1013.1,1014.8,,0.0,0.0
1578,2020-12-09 15:00:00,2020,Dec,10,CDH,9,1,1500,320.0,11.0,,30.0,5.0,6.0,2362.0,5075.0,,,,,25.4,14.3,4.5,26.0,977.5,1013.1,1014.7,,,
1581,2020-12-09 15:30:00,2020,Dec,10,CDH,9,1,1530,320.0,8.0,,32.0,5.0,6.0,2362.0,5075.0,,,,,24.6,13.8,3.3,25.0,977.3,1013.0,1014.5,,,
1585,2020-12-09 16:00:00,2020,Dec,10,CDH,9,1,1600,320.0,9.0,,35.0,5.0,6.0,2360.0,6075.0,,,,,24.3,13.7,3.5,26.0,977.4,1013.1,1014.6,,,
1588,2020-12-09 16:30:00,2020,Dec,10,CDH,9,1,1630,320.0,8.0,,35.0,5.0,6.0,2360.0,6075.0,,,,,23.1,14.3,6.6,39.0,977.0,1012.9,1014.2,,,
1592,2020-12-09 17:00:00,2020,Dec,10,CDH,9,1,1700,320.0,6.0,,38.0,5.0,6.0,2360.0,5075.0,,,,,21.6,15.5,10.7,50.0,976.9,1012.9,1014.1,,,
1596,2020-12-09 17:30:00,2020,Dec,10,CDH,9,4,1730,320.0,5.0,,38.0,5.0,6.0,2360.0,5075.0,,,,,19.3,15.2,11.9,62.0,976.8,1013.0,1014.0,267.0,0.0,0.0
1600,2020-12-09 18:00:00,2020,Dec,10,CDH,9,1,1800,320.0,5.0,,38.0,5.0,4.0,2360.0,4075.0,,,,,17.7,14.8,12.4,71.0,977.0,1013.4,1014.2,,,
1604,2020-12-09 18:30:00,2020,Dec,10,CDH,9,1,1830,320.0,6.0,,38.0,5.0,4.0,2360.0,4075.0,,,,,19.3,15.4,12.6,66.0,977.1,1013.4,1014.3,,,
1609,2020-12-09 19:00:00,2020,Dec,10,CDH,9,1,1900,340.0,6.0,,38.0,5.0,4.0,2360.0,4075.0,,,,,19.0,15.4,12.7,67.0,977.5,1013.8,1014.7,,,
1611,2020-12-09 19:30:00,2020,Dec,10,CDH,9,1,1930,340.0,3.0,,40.0,5.0,2.0,2075.0,,,,,,18.8,15.8,13.0,69.0,977.8,1014.1,1015.0,,,
1616,2020-12-09 20:00:00,2020,Dec,10,CDH,9,1,2000,310.0,4.0,,40.0,10.0,2.0,2075.0,,,,,,17.2,15.1,13.5,79.0,978.0,1014.5,1015.2,,,
1620,2020-12-09 20:30:00,2020,Dec,10,CDH,9,4,2030,320.0,4.0,,40.0,10.0,3.0,2360.0,3075.0,,,,,16.9,15.4,14.2,84.0,978.1,1014.7,1015.3,,0.0,0.0
1626,2020-12-09 21:00:00,2020,Dec,10,CDH,9,1,2100,320.0,5.0,,50.0,10.0,4.0,2360.0,4075.0,,,,,17.0,15.8,15.0,88.0,978.5,1015.0,1015.7,,,
1631,2020-12-09 22:00:00,2020,Dec,10,CDH,9,1,2200,340.0,6.0,,50.0,10.0,4.0,2360.0,4075.0,,,,,17.2,15.8,14.8,86.0,978.7,1015.2,1015.9,,,
1636,2020-12-09 23:00:00,2020,Dec,10,CDH,9,1,2300,360.0,3.0,,50.0,10.0,4.0,1360.0,4075.0,,,,,17.1,15.7,14.7,86.0,978.4,1015.0,1015.7,,,
1637,2020-12-09 23:30:00,2020,Dec,10,CDH,9,4,2330,320.0,4.0,,50.0,10.0,4.0,1360.0,4075.0,,,,,16.1,15.6,15.2,94.0,978.4,1015.1,1015.6,,0.0,0.0
1641,2020-12-10 00:00:00,2020,Dec,10,CDH,10,1,0,310.0,7.0,,50.0,10.0,4.0,1360.0,3075.0,,,,,15.9,15.1,14.6,92.0,978.3,1015.0,1015.5,,,
1647,2020-12-10 01:00:00,2020,Dec,10,CDH,10,1,100,320.0,4.0,,50.0,10.0,4.0,1360.0,4075.0,,,,,14.8,14.8,14.8,100.0,978.1,1014.9,1015.3,,,
1652,2020-12-10 02:00:00,2020,Dec,10,CDH,10,1,200,300.0,4.0,,50.0,10.0,4.0,1360.0,4075.0,,,,,14.9,14.9,14.9,100.0,978.0,1014.8,1015.2,,,
1655,2020-12-10 02:30:00,2020,Dec,10,CDH,10,4,230,999.0,2.0,,50.0,10.0,4.0,1360.0,4075.0,,,,,14.7,14.7,14.7,100.0,977.7,1014.5,1014.9,,0.0,0.0
1662,2020-12-10 03:00:00,2020,Dec,10,CDH,10,1,300,999.0,1.0,,50.0,10.0,4.0,2360.0,4075.0,,,,,14.3,14.3,14.3,100.0,977.6,1014.5,1014.8,,,
1665,2020-12-10 04:00:00,2020,Dec,10,CDH,10,1,400,999.0,2.0,,50.0,10.0,4.0,2360.0,4075.0,,,,,13.4,13.4,13.4,100.0,677.2,1014.2,1014.4,,,
1672,2020-12-10 05:00:00,2020,Dec,10,CDH,10,1,500,999.0,1.0,,45.0,10.0,4.0,2360.0,4075.0,,,,,13.1,13.1,13.1,100.0,977.1,1014.1,1014.2,,,
1675,2020-12-10 05:30:00,2020,Dec,10,CDH,10,4,530,320.0,3.0,,40.0,10.0,3.0,2360.0,3075.0,,,,,11.7,11.7,11.7,100.0,977.2,1014.4,1014.4,,0.0,0.0
1678,2020-12-10 06:00:00,2020,Dec,10,CDH,10,1,600,310.0,4.0,,40.0,10.0,2.0,2075.0,,,,,,12.5,12.5,12.5,100.0,977.7,1014.8,1014.9,,,
1684,2020-12-10 06:30:00,2020,Dec,10,CDH,10,1,630,310.0,4.0,,40.0,10.0,2.0,2075.0,,,,,,14.7,13.0,11.5,81.0,978.0,1014.9,1015.2,,,
1685,2020-12-10 07:00:00,2020,Dec,10,CDH,10,1,700,310.0,3.0,,35.0,10.0,2.0,2075.0,,,,,,13.9,12.6,11.5,85.0,978.4,1015.4,1015.6,,,
1689,2020-12-10 07:30:00,2020,Dec,10,CDH,10,1,730,330.0,2.0,,35.0,10.0,2.0,2075.0,,,,,,12.7,12.7,12.7,100.0,978.7,1015.8,1015.9,,,
1693,2020-12-10 08:00:00,2020,Dec,10,CDH,10,1,800,999.0,2.0,,35.0,10.0,2.0,2075.0,,,,,,14.8,14.8,14.8,100.0,979.1,1015.9,1016.3,,,
1699,2020-12-10 08:30:00,2020,Dec,10,CDH,10,4,830,999.0,2.0,,35.0,10.0,1.0,1075.0,,,,,,16.6,16.6,16.6,100.0,979.4,1016.1,1016.6,117.0,0.0,0.0
1702,2020-12-10 09:00:00,2020,Dec,10,CDH,10,1,900,290.0,4.0,,40.0,5.0,0.0,,,,,,,18.4,15.3,12.6,68.0,979.9,1016.1,1017.1,,,
1706,2020-12-10 09:30:00,2020,Dec,10,CDH,10,1,930,330.0,5.0,,40.0,5.0,0.0,,,,,,,20.2,15.2,11.3,57.0,980.3,1016.6,1017.6,,,
1709,2020-12-10 10:00:00,2020,Dec,10,CDH,10,1,1000,320.0,4.0,,50.0,5.0,0.0,,,,,,,21.7,15.9,9.2,45.0,980.4,1016.5,1017.7,,,
1713,2020-12-10 10:30:00,2020,Dec,10,CDH,10,1,1030,310.0,6.0,,60.0,2.0,0.0,,,,,,,22.9,16.1,11.2,48.0,980.5,1016.5,1017.8,,,
1719,2020-12-10 11:00:00,2020,Dec,10,CDH,10,1,1100,300.0,6.0,,60.0,2.0,0.0,,,,,,,24.0,16.8,11.5,45.0,980.2,1016.0,1017.5,,,
1724,2020-12-10 11:30:00,2020,Dec,10,CDH,10,4,1130,320.0,7.0,,60.0,2.0,0.0,,,,,,,24.4,16.6,11.0,43.0,980.1,1015.8,1017.3,,0.0,0.0
1726,2020-12-10 12:00:00,2020,Dec,10,CDH,10,1,1200,320.0,8.0,,60.0,2.0,0.0,,,,,,,25.6,17.0,10.8,40.0,979.5,1015.0,1016.7,,,
1729,2020-12-10 12:30:00,2020,Dec,10,CDH,10,1,1230,330.0,8.0,,60.0,2.0,0.0,,,,,,,26.4,16.7,9.7,35.0,979.2,1014.7,1016.4,,,
1734,2020-12-10 13:00:00,2020,Dec,10,CDH,10,1,1300,310.0,9.0,,60.0,2.0,0.0,,,,,,,27.0,16.8,9.8,34.0,978.7,1014.2,1016.0,,,
1739,2020-12-10 13:30:00,2020,Dec,10,CDH,10,1,1330,320.0,9.0,,60.0,2.0,1.0,1630.0,,,,,,26.7,16.8,9.5,34.0,978.3,1013.7,1015.5,,,
1741,2020-12-10 14:00:00,2020,Dec,10,CDH,10,1,1400,320.0,8.0,,60.0,2.0,1.0,1630.0,,,,,,27.2,16.8,9.1,32.0,977.9,1013.2,1015.1,,,
1748,2020-12-10 14:30:00,2020,Dec,10,CDH,10,4,1430,320.0,10.0,,60.0,2.0,1.0,1630.0,,,,,,27.1,16.6,8.8,32.0,977.5,1012.8,1014.7,,0.0,0.0
1749,2020-12-10 15:00:00,2020,Dec,10,CDH,10,1,1500,310.0,10.0,,60.0,2.0,1.0,1630.0,,,,,,27.0,16.5,8.6,31.0,977.5,1012.8,1014.7,,,
1756,2020-12-10 15:30:00,2020,Dec,10,CDH,10,1,1530,310.0,9.0,,60.0,2.0,1.0,1630.0,,,,,,26.3,16.4,9.0,33.0,977.5,1012.9,1014.7,,,
1757,2020-12-10 16:00:00,2020,Dec,10,CDH,10,1,1600,320.0,10.0,,60.0,2.0,1.0,1630.0,,,,,,25.6,16.4,9.5,36.0,977.5,1013.0,1014.7,,,
1764,2020-12-10 16:30:00,2020,Dec,10,CDH,10,1,1630,310.0,8.0,,60.0,2.0,1.0,1630.0,,,,,,24.6,16.1,9.8,39.0,977.4,1013.0,1014.6,,,
1765,2020-12-10 17:00:00,2020,Dec,10,CDH,10,1,1700,320.0,8.0,,60.0,2.0,1.0,1630.0,,,,,,23.6,16.0,10.1,42.0,977.3,1013.1,1014.5,,,
1771,2020-12-10 17:30:00,2020,Dec,10,CDH,10,4,1730,320.0,5.0,,50.0,5.0,1.0,1630.0,,,,,,19.7,14.9,11.0,57.0,977.4,1013.6,1014.6,274.0,0.0,0.0
1773,2020-12-10 18:00:00,2020,Dec,10,CDH,10,1,1800,320.0,5.0,,50.0,5.0,0.0,,,,,,,21.3,15.9,11.9,55.0,977.6,1013.6,1014.8,,,
1777,2020-12-10 18:30:00,2020,Dec,10,CDH,10,1,1830,320.0,6.0,,50.0,5.0,0.0,,,,,,,20.7,15.8,12.2,58.0,977.9,1014.0,1015.1,,,
1781,2020-12-10 19:00:00,2020,Dec,10,CDH,10,1,1900,340.0,6.0,,50.0,5.0,0.0,,,,,,,20.4,16.0,12.9,62.0,978.3,1014.4,1015.5,,,
1786,2020-12-10 19:30:00,2020,Dec,10,CDH,10,1,1930,320.0,4.0,,50.0,5.0,0.0,,,,,,,19.1,15.6,12.8,67.0,978.5,1014.8,1015.7,,,
1789,2020-12-10 20:00:00,2020,Dec,10,CDH,10,1,2000,330.0,4.0,,50.0,5.0,0.0,,,,,,,19.0,15.6,13.0,68.0,978.7,1015.0,1015.9,,,
1794,2020-12-10 20:30:00,2020,Dec,10,CDH,10,4,2030,999.0,2.0,,50.0,5.0,0.0,,,,,,,18.0,14.9,12.7,71.0,978.8,1015.3,1016.0,,0.0,0.0
1798,2020-12-10 21:00:00,2020,Dec,10,CDH,10,1,2100,360.0,4.0,,50.0,5.0,0.0,,,,,,,19.3,15.4,12.4,64.0,979.2,1015.5,1016.4,,,
1803,2020-12-10 21:30:00,2020,Dec,10,CDH,10,1,2130,10.0,6.0,,50.0,5.0,0.0,,,,,,,17.5,15.0,13.0,74.0,979.2,1015.7,1016.4,,,
1805,2020-12-10 22:00:00,2020,Dec,10,CDH,10,1,2200,360.0,3.0,,50.0,5.0,0.0,,,,,,,17.6,15.1,12.8,73.0,979.3,1015.8,1016.5,,,
1809,2020-12-10 23:00:00,2020,Dec,10,CDH,10,1,2300,999.0,1.0,,50.0,10.0,0.0,,,,,,,15.1,15.1,15.1,100.0,979.4,1016.2,1016.6,,,
1816,2020-12-10 23:30:00,2020,Dec,10,CDH,10,4,2330,999.0,1.0,,50.0,10.0,0.0,,,,,,,14.5,14.5,14.5,100.0,979.3,1016.2,1016.5,,0.0,0.0
1817,2020-12-11 00:00:00,2020,Dec,10,CDH,11,1,0,999.0,1.0,,50.0,10.0,0.0,,,,,,,14.2,14.2,14.2,100.0,979.4,1016.3,1016.6,,,
1823,2020-12-11 01:00:00,2020,Dec,10,CDH,11,1,100,999.0,1.0,,50.0,10.0,0.0,,,,,,,14.1,14.1,14.1,100.0,979.0,1015.9,1016.2,,,
1830,2020-12-11 02:00:00,2020,Dec,10,CDH,11,1,200,999.0,1.0,,40.0,10.0,0.0,,,,,,,13.2,13.2,13.2,100.0,978.7,1015.8,1015.9,,,
1831,2020-12-11 02:30:00,2020,Dec,10,CDH,11,4,230,999.0,2.0,,40.0,10.0,0.0,,,,,,,13.0,13.0,13.0,100.0,978.6,1015.7,1015.8,,0.0,0.0
1835,2020-12-11 03:00:00,2020,Dec,10,CDH,11,1,300,999.0,2.0,,40.0,10.0,0.0,,,,,,,12.6,12.6,12.6,100.0,978.6,1015.8,1015.8,,,
1843,2020-12-11 04:00:00,2020,Dec,10,CDH,11,1,400,0.0,0.0,,40.0,10.0,0.0,,,,,,,12.4,12.4,12.4,100.0,978.8,1016.0,1016.0,,,
1847,2020-12-11 05:00:00,2020,Dec,10,CDH,11,1,500,999.0,2.0,,40.0,10.0,0.0,,,,,,,12.5,12.5,12.5,100.0,978.9,1016.1,1016.1,,,
1850,2020-12-11 05:30:00,2020,Dec,10,CDH,11,4,530,999.0,1.0,,40.0,10.0,0.0,,,,,,,12.0,12.0,12.0,100.0,979.0,1016.3,1016.2,,0.0,0.0
1855,2020-12-11 06:00:00,2020,Dec,10,CDH,11,1,600,0.0,0.0,,35.0,10.0,0.0,,,,,,,11.7,11.7,11.7,100.0,979.1,1016.4,1016.3,,,
1858,2020-12-11 06:30:00,2020,Dec,10,CDH,11,1,630,999.0,1.0,,35.0,10.0,0.0,,,,,,,11.8,11.8,11.8,100.0,979.3,1016.6,1016.5,,,
1863,2020-12-11 07:00:00,2020,Dec,10,CDH,11,1,700,0.0,0.0,,35.0,10.0,2.0,2362.0,,,,,,11.7,11.7,11.7,100.0,979.4,1016.8,1016.7,,,
1868,2020-12-11 07:30:00,2020,Dec,10,CDH,11,1,730,999.0,1.0,,35.0,10.0,2.0,2362.0,,,,,,11.8,11.8,11.8,100.0,979.6,1016.9,1016.9,,,
1872,2020-12-11 08:00:00,2020,Dec,10,CDH,11,1,800,0.0,0.0,,40.0,10.0,1.0,1362.0,,,,,,12.9,12.9,12.9,100.0,980.0,1017.4,1017.5,,,
1873,2020-12-11 08:30:00,2020,Dec,10,CDH,11,4,830,0.0,0.0,,40.0,10.0,1.0,1362.0,,,,,,15.7,15.7,15.7,100.0,980.5,1017.3,1017.8,113.0,0.0,0.0
1877,2020-12-11 09:00:00,2020,Dec,10,CDH,11,1,900,0.0,0.0,,40.0,5.0,1.0,1362.0,,,,,,18.4,15.1,11.5,64.0,980.6,1017.1,1017.9,,,
1881,2020-12-11 09:30:00,2020,Dec,10,CDH,11,1,930,999.0,2.0,,45.0,5.0,1.0,1362.0,,,,,,20.4,15.6,10.8,54.0,980.9,1017.7,1018.2,,,
1888,2020-12-11 10:00:00,2020,Dec,10,CDH,11,1,1000,0.0,0.0,,50.0,5.0,1.0,1362.0,,,,,,22.5,16.7,10.3,46.0,980.8,1016.9,1018.1,,,
1891,2020-12-11 10:30:00,2020,Dec,10,CDH,11,1,1030,999.0,2.0,,50.0,5.0,1.0,1362.0,,,,,,23.7,17.1,11.0,45.0,980.5,1016.4,1017.8,,,
1895,2020-12-11 11:00:00,2020,Dec,10,CDH,11,1,1100,230.0,3.0,,50.0,5.0,2.0,2362.0,,,,,,24.4,16.7,10.5,42.0,980.3,1016.0,1017.6,,,
1899,2020-12-11 11:30:00,2020,Dec,10,CDH,11,4,1130,250.0,3.0,,50.0,5.0,2.0,2362.0,,,,,,24.7,17.1,11.1,43.0,979.9,1015.6,1017.2,,0.0,0.0
1902,2020-12-11 12:00:00,2020,Dec,10,CDH,11,1,1200,270.0,3.0,,50.0,5.0,2.0,2362.0,,,,,,25.9,17.4,10.7,39.0,979.4,1014.9,1016.6,,,
1907,2020-12-11 12:30:00,2020,Dec,10,CDH,11,1,1230,260.0,4.0,,60.0,2.0,2.0,2362.0,,,,,,25.9,16.9,9.6,36.0,979.1,1014.6,1016.3,,,
1913,2020-12-11 13:00:00,2020,Dec,10,CDH,11,1,1300,240.0,4.0,,60.0,2.0,2.0,2362.0,,,,,,26.3,15.1,3.6,23.0,978.6,1014.1,1015.8,,,
1915,2020-12-11 13:30:00,2020,Dec,10,CDH,11,1,1330,240.0,5.0,,60.0,2.0,2.0,2362.0,,,,,,26.7,17.9,11.3,38.0,977.9,1013.3,1015.1,,,
1921,2020-12-11 14:00:00,2020,Dec,10,CDH,11,1,1400,250.0,5.0,,60.0,2.0,2.0,2630.0,,,,,,26.9,17.6,10.1,35.0,977.3,1012.6,1014.5,,,
1925,2020-12-11 14:30:00,2020,Dec,10,CDH,11,4,1430,230.0,4.0,,60.0,2.0,2.0,2630.0,,,,,,27.1,16.6,7.4,29.0,977.0,1012.3,1014.2,,0.0,0.0
1926,2020-12-11 15:00:00,2020,Dec,10,CDH,11,1,1500,230.0,4.0,,60.0,2.0,2.0,1630.0,2362.0,,,,,26.7,16.2,7.4,29.0,976.8,1012.2,1014.0,,,
1931,2020-12-11 15:30:00,2020,Dec,10,CDH,11,1,1530,200.0,5.0,,60.0,2.0,2.0,1630.0,2362.0,,,,,26.2,16.5,8.7,33.0,976.4,1011.8,1013.6,,,
1934,2020-12-11 16:00:00,2020,Dec,10,CDH,11,1,1600,250.0,3.0,,60.0,1.0,4.0,2362.0,3070.0,,,,,25.9,16.7,9.1,35.0,976.2,1011.6,1013.3,,,
1943,2020-12-11 16:30:00,2020,Dec,10,CDH,11,1,1630,240.0,3.0,,60.0,2.0,4.0,2362.0,3070.0,,,,,23.4,16.0,8.3,38.0,976.2,1011.9,1013.3,,,
1947,2020-12-11 17:00:00,2020,Dec,10,CDH,11,1,1700,999.0,1.0,,50.0,5.0,4.0,2362.0,3070.0,,,,,22.7,17.6,12.5,53.0,976.1,1011.9,1013.2,,,
1951,2020-12-11 17:30:00,2020,Dec,10,CDH,11,4,1730,999.0,2.0,,50.0,5.0,5.0,2360.0,4070.0,,,,,21.4,12.6,5.6,35.0,976.1,1012.1,1013.2,275.0,0.0,0.0
1956,2020-12-11 18:00:00,2020,Dec,10,CDH,11,1,1800,999.0,1.0,,50.0,5.0,5.0,2360.0,4070.0,,,,,20.7,16.1,11.8,55.0,976.3,1012.3,1013.5,,,
1963,2020-12-11 18:30:00,2020,Dec,10,CDH,11,1,1830,0.0,0.0,,50.0,5.0,5.0,2360.0,4070.0,,,,,19.5,16.5,13.4,68.0,976.6,1012.8,1013.8,,,
1968,2020-12-11 19:00:00,2020,Dec,10,CDH,11,1,1900,999.0,1.0,,50.0,5.0,5.0,2360.0,4070.0,,,,,19.9,13.3,5.1,37.0,977.0,1013.2,1014.2,,,
1973,2020-12-11 19:30:00,2020,Dec,10,CDH,11,1,1930,999.0,2.0,,50.0,5.0,5.0,2360.0,4070.0,,,,,19.8,13.6,6.4,42.0,977.2,1013.4,1014.4,,,
1978,2020-12-11 20:00:00,2020,Dec,10,CDH,11,1,2000,100.0,4.0,,50.0,5.0,5.0,2360.0,4070.0,,,,,20.3,13.1,5.8,39.0,977.3,1013.5,1014.5,,,
1983,2020-12-11 20:30:00,2020,Dec,10,CDH,11,4,2030,90.0,4.0,,50.0,5.0,5.0,2360.0,4070.0,,,,,19.6,13.0,6.3,42.0,977.4,1013.7,1014.6,,0.0,0.0
1984,2020-12-11 21:00:00,2020,Dec,10,CDH,11,1,2100,120.0,4.0,,50.0,5.0,5.0,2360.0,4070.0,,,,,18.8,14.9,11.1,61.0,977.5,1013.8,1014.7,,,
1994,2020-12-11 22:00:00,2020,Dec,10,CDH,11,1,2200,140.0,3.0,,50.0,5.0,6.0,4359.0,3070.0,,,,,17.9,13.6,9.7,58.0,977.5,1014.0,1014.7,,,
1999,2020-12-11 23:00:00,2020,Dec,10,CDH,11,1,2300,999.0,1.0,,50.0,60.0,6.0,2625.0,1930.0,6359.0,,,,18.3,14.4,10.4,60.0,977.6,1014.0,1014.8,,,
2007,2020-12-11 23:30:00,2020,Dec,10,CDH,11,4,2330,140.0,6.0,,50.0,60.0,6.0,2625.0,1930.0,6359.0,,,,18.8,14.1,10.2,57.0,977.3,1013.6,1014.5,,0.001,0.001
2011,2020-12-12 00:00:00,2020,Dec,10,CDH,12,1,0,140.0,6.0,,50.0,60.0,6.0,2625.0,1930.0,6359.0,,,,18.6,14.1,10.5,59.0,977.1,1013.5,1014.3,,,
2017,2020-12-12 01:00:00,2020,Dec,10,CDH,12,1,100,150.0,10.0,,40.0,60.0,8.0,3625.0,1930.0,7359.0,,,,18.9,16.6,15.2,80.0,977.5,1013.8,1014.7,,,
2019,2020-12-12 01:00:00,2020,Dec,10,CDH,12,5,100,,,,,10.0,,,,,,,,,16.6,,80.0,,,,,,
2026,2020-12-12 02:00:00,2020,Dec,10,CDH,12,5,200,,,,,10.0,,,,,,,,,15.9,,80.0,,,,,,
2028,2020-12-12 02:00:00,2020,Dec,10,CDH,12,1,200,80.0,9.0,,40.0,95.0,8.0,3625.0,1930.0,7359.0,,,,18.0,15.9,14.5,80.0,976.0,1012.3,1013.1,,,
2032,2020-12-12 02:30:00,2020,Dec,10,CDH,12,4,230,270.0,8.0,,40.0,95.0,8.0,3625.0,1930.0,6359.0,,,,17.1,16.9,16.8,98.0,977.7,1014.2,1014.9,,3.2,3.2
2033,2020-12-12 02:30:00,2020,Dec,10,CDH,12,5,230,,,,,10.0,,,,,,,,,16.9,,98.0,,,,,,
2038,2020-12-12 03:00:00,2020,Dec,10,CDH,12,5,300,,,,,10.0,,,,,,,,,16.9,,98.0,,,,,,
2037,2020-12-12 03:00:00,2020,Dec,10,CDH,12,1,300,270.0,8.0,,40.0,95.0,8.0,3625.0,1930.0,6359.0,,,,17.1,16.9,16.8,98.0,977.5,1014.0,1014.7,,,
2040,2020-12-12 04:00:00,2020,Dec,10,CDH,12,1,400,140.0,10.0,,30.0,95.0,8.0,3625.0,1930.0,7358.0,,,,17.3,17.1,16.9,98.0,977.5,1014.0,1014.7,,,
2043,2020-12-12 04:00:00,2020,Dec,10,CDH,12,5,400,,,,,10.0,,,,,,,,,17.1,,98.0,,,,,,
2050,2020-12-12 05:00:00,2020,Dec,10,CDH,12,1,500,160.0,6.0,,25.0,95.0,8.0,3625.0,1930.0,6358.0,,,,16.8,16.2,15.9,94.0,977.7,1014.2,1014.9,,,
2049,2020-12-12 05:00:00,2020,Dec,10,CDH,12,5,500,,,,,10.0,,,,,,,,,16.2,,94.0,,,,,,
2052,2020-12-12 05:30:00,2020,Dec,10,CDH,12,5,530,,,,,10.0,,,,,,,,,16.1,,95.0,,,,,,
2053,2020-12-12 05:30:00,2020,Dec,10,CDH,12,4,530,200.0,3.0,,20.0,60.0,8.0,3625.0,1930.0,6358.0,,,,16.6,16.1,15.8,95.0,977.8,1014.4,1015.0,,2.0,2.0
2057,2020-12-12 06:00:00,2020,Dec,10,CDH,12,1,600,260.0,4.0,,15.0,60.0,8.0,3620.0,1930.0,6358.0,,,,16.3,15.7,15.2,93.0,977.7,1014.3,1014.9,,,
2056,2020-12-12 06:00:00,2020,Dec,10,CDH,12,5,600,,,,,10.0,,,,,,,,,15.7,,93.0,,,,,,
2065,2020-12-12 06:30:00,2020,Dec,10,CDH,12,1,630,310.0,3.0,,15.0,60.0,8.0,3620.0,1830.0,6359.0,,,,15.9,15.9,15.9,100.0,977.9,1014.5,1015.1,,,
2070,2020-12-12 07:00:00,2020,Dec,10,CDH,12,1,700,10.0,3.0,,10.0,10.0,7.0,3625.0,6359.0,,,,,15.9,15.9,15.9,100.0,977.9,1014.5,1015.1,,,
2074,2020-12-12 07:30:00,2020,Dec,10,CDH,12,1,730,360.0,4.0,,8.0,44.0,6.0,3625.0,6359.0,,,,,16.5,16.5,16.5,100.0,978.9,1015.5,1016.1,,,
2077,2020-12-12 08:00:00,2020,Dec,10,CDH,12,1,800,999.0,2.0,,8.0,44.0,6.0,3625.0,5359.0,,,,,16.6,16.6,16.6,100.0,979.4,1016.0,1016.6,,,
2083,2020-12-12 08:30:00,2020,Dec,10,CDH,12,4,830,999.0,2.0,,8.0,44.0,6.0,3625.0,5359.0,,,,,17.1,17.1,17.1,100.0,979.6,1016.2,1016.9,159.0,1.8,7.001
2089,2020-12-12 09:00:00,2020,Dec,10,CDH,12,1,900,999.0,2.0,,10.0,10.0,6.0,3625.0,5359.0,,,,,17.7,17.7,17.7,100.0,980.0,1016.5,1017.3,,,
2093,2020-12-12 09:30:00,2020,Dec,10,CDH,12,1,930,999.0,1.0,,10.0,10.0,6.0,2625.0,5359.0,,,,,18.0,18.0,18.0,100.0,980.6,1017.0,1017.9,,,
2098,2020-12-12 10:00:00,2020,Dec,10,CDH,12,1,1000,999.0,2.0,,12.0,10.0,5.0,2625.0,4359.0,,,,,18.4,18.4,18.4,100.0,980.7,1018.0,1017.1,,,
2099,2020-12-12 10:30:00,2020,Dec,10,CDH,12,1,1030,999.0,1.0,,15.0,10.0,5.0,2625.0,3359.0,,,,,20.0,20.0,20.0,100.0,981.0,1017.2,1018.3,,,
2104,2020-12-12 11:00:00,2020,Dec,10,CDH,12,1,1100,999.0,2.0,,18.0,10.0,5.0,2625.0,4359.0,,,,,19.9,19.9,19.9,100.0,981.1,1017.3,1018.4,,,
2107,2020-12-12 11:30:00,2020,Dec,10,CDH,12,4,1130,999.0,2.0,,20.0,10.0,5.0,2625.0,4359.0,,,,,20.5,18.5,17.0,82.0,980.9,1017.0,1018.2,,0.0,0.0
2112,2020-12-12 12:00:00,2020,Dec,10,CDH,12,1,1200,999.0,2.0,,25.0,5.0,3.0,3362.0,,,,,,21.2,18.5,16.3,74.0,980.7,1016.8,1018.0,,,
2118,2020-12-12 12:30:00,2020,Dec,10,CDH,12,1,1230,999.0,2.0,,25.0,5.0,1.0,1360.0,,,,,,21.9,18.1,14.9,65.0,980.2,1016.2,1017.5,,,
2122,2020-12-12 13:00:00,2020,Dec,10,CDH,12,1,1300,999.0,2.0,,30.0,5.0,2.0,1630.0,1360.0,,,,,22.6,16.8,11.3,49.0,979.9,1015.8,1017.2,,,
2125,2020-12-12 13:30:00,2020,Dec,10,CDH,12,1,1330,190.0,5.0,,35.0,5.0,2.0,2630.0,,,,,,22.4,15.9,11.0,48.0,979.6,1015.6,1016.9,,,
2130,2020-12-12 14:00:00,2020,Dec,10,CDH,12,1,1400,180.0,7.0,,35.0,5.0,2.0,2630.0,,,,,,22.6,15.3,9.6,44.0,979.1,1015.0,1016.3,,,
2131,2020-12-12 14:30:00,2020,Dec,10,CDH,12,4,1430,200.0,6.0,,40.0,5.0,2.0,2630.0,,,,,,22.8,15.3,9.6,43.0,978.9,1014.8,1016.1,,0.0,0.0
2137,2020-12-12 15:00:00,2020,Dec,10,CDH,12,1,1500,170.0,7.0,,50.0,5.0,2.0,2630.0,,,,,,22.3,15.0,8.8,42.0,978.6,1014.5,1015.8,,,
2141,2020-12-12 15:30:00,2020,Dec,10,CDH,12,1,1530,170.0,6.0,,60.0,1.0,1.0,1630.0,,,,,,22.4,14.9,8.5,41.0,978.5,1014.4,1015.7,,,
2143,2020-12-12 16:00:00,2020,Dec,10,CDH,12,1,1600,170.0,6.0,,60.0,2.0,1.0,1630.0,,,,,,21.9,14.7,8.6,43.0,978.4,1014.4,1015.6,,,
2148,2020-12-12 16:30:00,2020,Dec,10,CDH,12,1,1630,180.0,6.0,,60.0,2.0,1.0,1630.0,,,,,,21.3,14.0,7.4,42.0,978.4,1014.5,1015.6,,,
2154,2020-12-12 17:00:00,2020,Dec,10,CDH,12,1,1700,190.0,4.0,,60.0,2.0,1.0,1630.0,,,,,,20.1,14.2,8.9,48.0,978.4,1014.6,1015.6,,,
2155,2020-12-12 17:30:00,2020,Dec,10,CDH,12,4,1730,180.0,3.0,,60.0,3.0,2.0,2359.0,,,,,,18.6,15.5,13.2,71.0,978.8,1015.2,1016.0,230.0,0.0,0.0
2159,2020-12-12 18:00:00,2020,Dec,10,CDH,12,1,1800,999.0,1.0,,50.0,10.0,2.0,2630.0,,,,,,17.8,15.7,13.7,77.0,979.1,1015.6,1016.3,,,
2164,2020-12-12 18:30:00,2020,Dec,10,CDH,12,1,1830,0.0,0.0,,50.0,10.0,2.0,2630.0,,,,,,17.3,16.1,14.9,86.0,979.4,1015.9,1016.6,,,
2168,2020-12-12 19:00:00,2020,Dec,10,CDH,12,1,1900,999.0,1.0,,50.0,10.0,2.0,2630.0,,,,,,16.7,16.6,16.6,100.0,979.5,1016.1,1016.8,,,
2172,2020-12-12 19:30:00,2020,Dec,10,CDH,12,1,1930,999.0,1.0,,50.0,10.0,2.0,2630.0,,,,,,17.0,17.0,17.0,100.0,979.8,1016.1,1017.1,,,
2177,2020-12-12 20:00:00,2020,Dec,10,CDH,12,1,2000,0.0,0.0,,60.0,1.0,1.0,1360.0,,,,,,16.1,16.1,16.1,100.0,980.0,1016.7,1017.3,,,
2179,2020-12-12 20:30:00,2020,Dec,10,CDH,12,4,2030,0.0,0.0,,60.0,2.0,1.0,1360.0,,,,,,15.0,15.0,15.0,100.0,980.3,1017.2,1017.6,,0.0,0.0
2184,2020-12-12 21:00:00,2020,Dec,10,CDH,12,1,2100,0.0,0.0,,60.0,1.0,0.0,,,,,,,15.1,15.1,15.1,100.0,980.4,1017.3,1017.7,,,
2191,2020-12-12 22:00:00,2020,Dec,10,CDH,12,1,2200,0.0,0.0,,60.0,2.0,0.0,,,,,,,15.2,15.2,15.2,100.0,980.6,1017.5,1017.9,,,
2196,2020-12-12 23:00:00,2020,Dec,10,CDH,12,1,2300,999.0,2.0,,50.0,10.0,0.0,,,,,,,15.0,15.0,15.0,100.0,980.5,1017.4,1017.8,,,
2200,2020-12-12 23:30:00,2020,Dec,10,CDH,12,4,2330,999.0,1.0,,50.0,10.0,0.0,,,,,,,15.1,15.1,15.1,100.0,980.4,1017.3,1017.7,,0.0,0.0
2204,2020-12-13 00:00:00,2020,Dec,10,CDH,13,1,0,999.0,2.0,,50.0,10.0,0.0,,,,,,,14.3,14.3,14.3,100.0,980.3,1017.3,1017.6,,,
2207,2020-12-13 01:00:00,2020,Dec,10,CDH,13,1,100,999.0,2.0,,40.0,10.0,0.0,,,,,,,15.6,15.6,15.6,100.0,980.1,1016.9,1017.4,,,
2214,2020-12-13 02:00:00,2020,Dec,10,CDH,13,1,200,340.0,3.0,,40.0,10.0,0.0,,,,,,,15.4,15.4,15.4,100.0,980.0,1016.8,1017.3,,,
2218,2020-12-13 02:30:00,2020,Dec,10,CDH,13,4,230,320.0,4.0,,30.0,10.0,2.0,2360.0,,,,,,15.2,15.2,15.2,100.0,979.8,1016.6,1017.1,,0.0,0.0
2222,2020-12-13 03:00:00,2020,Dec,10,CDH,13,1,300,340.0,5.0,,30.0,10.0,2.0,2360.0,,,,,,15.2,15.2,15.2,100.0,979.6,1016.4,1016.9,,,
2224,2020-12-13 04:00:00,2020,Dec,10,CDH,13,1,400,350.0,3.0,,15.0,10.0,2.0,2360.0,,,,,,14.7,14.7,14.7,100.0,979.0,1015.9,1016.2,,,
2228,2020-12-13 04:30:00,2020,Dec,10,CDH,13,2,430,310.0,5.0,,8.0,46.0,2.0,2360.0,,,,,,14.6,14.6,14.6,100.0,979.0,1015.9,1016.2,,,
2231,2020-12-13 05:00:00,2020,Dec,10,CDH,13,1,500,310.0,6.0,,5.0,46.0,0.0,,,,,,,14.6,14.6,14.6,100.0,979.0,1015.9,1016.2,,,
2234,2020-12-13 05:30:00,2020,Dec,10,CDH,13,4,530,320.0,5.0,,2.0,46.0,0.0,,,,,,,14.4,14.4,14.4,100.0,979.0,1015.9,1016.2,,0.0,0.0
2242,2020-12-13 06:00:00,2020,Dec,10,CDH,13,1,600,350.0,4.0,,1.0,47.0,9.0,,,,,,,14.4,14.4,14.4,100.0,979.0,1015.9,1016.2,,,
2243,2020-12-13 06:30:00,2020,Dec,10,CDH,13,1,630,310.0,5.0,,1.0,45.0,9.0,,,,,,,14.3,14.3,14.3,100.0,979.2,1016.2,1016.5,,,
2251,2020-12-13 07:00:00,2020,Dec,10,CDH,13,1,700,350.0,5.0,,1.0,45.0,9.0,,,,,,,14.1,14.1,14.1,100.0,979.4,1016.4,1016.6,,,
2253,2020-12-13 07:30:00,2020,Dec,10,CDH,13,1,730,310.0,4.0,,1.0,45.0,9.0,,,,,,,14.3,14.3,14.3,100.0,979.5,1016.4,1016.7,,,
2257,2020-12-13 08:00:00,2020,Dec,10,CDH,13,1,800,300.0,4.0,,3.0,43.0,9.0,,,,,,,14.3,14.3,14.3,100.0,979.6,1016.6,1016.9,,,
2260,2020-12-13 08:30:00,2020,Dec,10,CDH,13,4,830,320.0,4.0,,5.0,43.0,9.0,,,,,,,14.4,14.4,14.4,100.0,979.7,1016.7,1017.0,141.0,0.0,0.0
2264,2020-12-13 09:00:00,2020,Dec,10,CDH,13,1,900,350.0,3.0,,5.0,45.0,9.0,,,,,,,14.4,14.4,14.4,100.0,979.9,1016.9,1017.2,,,
2271,2020-12-13 09:30:00,2020,Dec,10,CDH,13,1,930,330.0,4.0,,4.0,47.0,9.0,,,,,,,14.3,14.3,14.3,100.0,980.2,1017.2,1017.5,,,
2276,2020-12-13 10:00:00,2020,Dec,10,CDH,13,1,1000,270.0,5.0,,4.0,45.0,9.0,,,,,,,14.1,14.1,14.1,100.0,980.4,1017.4,1017.7,,,
2277,2020-12-13 10:30:00,2020,Dec,10,CDH,13,1,1030,260.0,5.0,,4.0,45.0,9.0,,,,,,,14.1,14.1,14.1,100.0,980.8,1017.8,1018.1,,,
2283,2020-12-13 11:00:00,2020,Dec,10,CDH,13,1,1100,300.0,4.0,,6.0,45.0,9.0,,,,,,,13.7,13.7,13.7,100.0,980.9,1018.0,1018.2,,,
2287,2020-12-13 11:30:00,2020,Dec,10,CDH,13,4,1130,340.0,5.0,,7.0,45.0,9.0,,,,,,,13.6,13.6,13.6,100.0,980.8,1017.9,1018.1,,0.0,0.0
2291,2020-12-13 12:00:00,2020,Dec,10,CDH,13,1,1200,340.0,4.0,,7.0,45.0,9.0,,,,,,,14.0,14.0,14.0,100.0,980.7,1017.7,1018.0,,,
2296,2020-12-13 12:30:00,2020,Dec,10,CDH,13,1,1230,310.0,6.0,,8.0,45.0,9.0,,,,,,,14.0,14.0,14.0,100.0,980.4,1017.4,1017.7,,,
2298,2020-12-13 13:00:00,2020,Dec,10,CDH,13,1,1300,330.0,6.0,,10.0,10.0,9.0,,,,,,,14.3,14.3,14.3,100.0,980.0,1017.0,1017.3,,,
2303,2020-12-13 13:30:00,2020,Dec,10,CDH,13,1,1330,330.0,7.0,,18.0,10.0,6.0,6708.0,,,,,,15.7,15.6,15.6,100.0,979.5,1016.3,1016.7,,,
2308,2020-12-13 14:00:00,2020,Dec,10,CDH,13,1,1400,320.0,8.0,,20.0,10.0,7.0,7708.0,,,,,,15.7,15.7,15.7,100.0,979.1,1015.8,1016.3,,,
2310,2020-12-13 14:30:00,2020,Dec,10,CDH,13,4,1430,320.0,6.0,,22.0,10.0,7.0,7708.0,,,,,,15.9,15.9,15.9,100.0,978.8,1015.5,1016.0,,0.0,0.0
2314,2020-12-13 15:00:00,2020,Dec,10,CDH,13,1,1500,310.0,7.0,,22.0,10.0,8.0,3710.0,6615.0,,,,,15.8,15.8,15.8,100.0,978.6,1015.3,1015.8,,,
2318,2020-12-13 15:30:00,2020,Dec,10,CDH,13,1,1530,300.0,7.0,,22.0,10.0,8.0,3710.0,6615.0,,,,,15.7,15.7,15.7,100.0,978.4,1015.1,1015.6,,,
2322,2020-12-13 16:00:00,2020,Dec,10,CDH,13,1,1600,320.0,7.0,,22.0,10.0,8.0,3710.0,6615.0,,,,,15.6,15.6,15.6,100.0,978.3,1015.0,1015.5,,,
2325,2020-12-13 16:30:00,2020,Dec,10,CDH,13,1,1630,290.0,7.0,,18.0,10.0,8.0,3710.0,6615.0,,,,,14.9,14.9,14.9,100.0,978.3,1015.1,1019.5,,,
2329,2020-12-13 16:45:00,2020,Dec,10,CDH,13,2,1645,310.0,8.0,,15.0,10.0,8.0,3710.0,6615.0,,,,,14.8,14.8,14.8,100.0,978.2,1015.0,1015.4,,,
2330,2020-12-13 17:00:00,2020,Dec,10,CDH,13,1,1700,320.0,8.0,,15.0,10.0,8.0,3710.0,6615.0,,,,,14.4,14.4,14.4,100.0,978.3,1015.2,1015.5,,,
2336,2020-12-13 17:30:00,2020,Dec,10,CDH,13,4,1730,320.0,7.0,,12.0,10.0,9.0,,,,,,,14.0,14.0,14.0,100.0,978.2,1015.1,1015.4,161.0,0.0,0.0
2340,2020-12-13 18:00:00,2020,Dec,10,CDH,13,1,1800,320.0,9.0,,15.0,10.0,9.0,,,,,,,13.9,13.9,13.9,100.0,978.2,1015.2,1015.5,,,
2345,2020-12-13 18:30:00,2020,Dec,10,CDH,13,1,1830,310.0,7.0,,18.0,10.0,9.0,,,,,,,14.0,14.0,14.0,100.0,978.2,1015.2,1015.5,,,
2347,2020-12-13 19:00:00,2020,Dec,10,CDH,13,1,1900,310.0,6.0,,20.0,10.0,9.0,,,,,,,13.9,13.9,13.9,100.0,978.1,1015.1,1015.3,,,
2351,2020-12-13 19:30:00,2020,Dec,10,CDH,13,1,1930,320.0,7.0,,20.0,10.0,9.0,,,,,,,14.0,14.0,14.0,100.0,978.3,1015.2,1015.5,,,
2357,2020-12-13 20:00:00,2020,Dec,10,CDH,13,1,2000,310.0,7.0,,20.0,10.0,9.0,,,,,,,13.6,13.6,13.6,100.0,978.4,1015.5,1015.7,,,
2361,2020-12-13 20:30:00,2020,Dec,10,CDH,13,4,2030,320.0,6.0,,20.0,10.0,9.0,,,,,,,13.0,13.0,13.0,100.0,978.6,1015.7,1015.8,,0.0,0.0
2363,2020-12-13 21:00:00,2020,Dec,10,CDH,13,1,2100,320.0,7.0,,20.0,10.0,9.0,,,,,,,13.0,13.0,13.0,100.0,978.7,1015.8,1016.0,,,
2370,2020-12-13 22:00:00,2020,Dec,10,CDH,13,1,2200,310.0,6.0,,20.0,10.0,9.0,,,,,,,13.0,13.0,13.0,100.0,979.1,1016.3,1016.4,,,
2374,2020-12-13 23:00:00,2020,Dec,10,CDH,13,1,2300,310.0,5.0,,20.0,10.0,9.0,,,,,,,13.1,13.1,13.1,100.0,979.3,1016.4,1016.5,,,
2378,2020-12-13 23:30:00,2020,Dec,10,CDH,13,4,2330,320.0,4.0,,20.0,10.0,9.0,,,,,,,12.9,12.9,12.9,100.0,979.2,1016.3,1016.4,,0.0,0.0
2382,2020-12-14 00:00:00,2020,Dec,10,CDH,14,1,0,300.0,5.0,,20.0,10.0,9.0,,,,,,,12.6,12.6,12.6,100.0,979.1,1016.2,1016.4,,,
2388,2020-12-14 01:00:00,2020,Dec,10,CDH,14,1,100,300.0,4.0,,15.0,10.0,9.0,,,,,,,12.6,12.6,12.6,100.0,979.0,1016.2,1016.2,,,
2392,2020-12-14 02:00:00,2020,Dec,10,CDH,14,1,200,320.0,7.0,,15.0,10.0,9.0,,,,,,,12.7,12.7,12.7,100.0,978.8,1016.0,1016.0,,,
2395,2020-12-14 02:30:00,2020,Dec,10,CDH,14,4,230,340.0,6.0,,15.0,10.0,9.0,,,,,,,12.7,12.7,12.7,100.0,978.8,1016.0,1016.0,,0.0,0.0
2398,2020-12-14 03:00:00,2020,Dec,10,CDH,14,1,300,340.0,7.0,,15.0,10.0,9.0,,,,,,,12.7,12.7,12.7,100.0,978.8,1016.0,1016.0,,,
2405,2020-12-14 04:00:00,2020,Dec,10,CDH,14,1,400,320.0,5.0,,12.0,10.0,9.0,,,,,,,12.8,12.8,12.8,100.0,978.5,1015.6,1015.7,,,
2411,2020-12-14 05:00:00,2020,Dec,10,CDH,14,1,500,320.0,7.0,,10.0,10.0,9.0,,,,,,,12.8,12.8,12.8,100.0,978.5,1015.6,1015.7,,,
2414,2020-12-14 05:30:00,2020,Dec,10,CDH,14,4,530,320.0,6.0,,8.0,47.0,9.0,,,,,,,12.7,12.7,12.7,100.0,978.6,1015.8,1015.8,,0.0,0.0
2419,2020-12-14 06:00:00,2020,Dec,10,CDH,14,1,600,320.0,6.0,,8.0,45.0,9.0,,,,,,,12.6,12.6,12.6,100.0,978.6,1015.8,1015.8,,,
2421,2020-12-14 06:30:00,2020,Dec,10,CDH,14,1,630,330.0,6.0,,8.0,45.0,9.0,,,,,,,12.8,12.8,12.8,100.0,978.8,1015.9,1016.0,,,
2426,2020-12-14 07:00:00,2020,Dec,10,CDH,14,1,700,330.0,6.0,,7.0,47.0,9.0,,,,,,,12.8,12.8,12.8,100.0,979.0,1016.1,1016.2,,,
2431,2020-12-14 07:30:00,2020,Dec,10,CDH,14,1,730,320.0,8.0,,7.0,45.0,9.0,,,,,,,12.8,12.8,12.8,100.0,979.3,1016.5,1016.6,,,
2432,2020-12-14 08:00:00,2020,Dec,10,CDH,14,1,800,320.0,6.0,,8.0,42.0,7.0,4612.0,4615.0,,,,,13.1,13.1,13.1,100.0,979.9,1017.0,1017.2,,,
2437,2020-12-14 08:30:00,2020,Dec,10,CDH,14,4,830,320.0,6.0,,8.0,44.0,7.0,3710.0,4615.0,,,,,13.2,13.2,13.2,100.0,980.2,1017.3,1017.4,126.0,0.0,0.0
2441,2020-12-14 09:00:00,2020,Dec,10,CDH,14,1,900,320.0,6.0,,10.0,10.0,7.0,3710.0,6615.0,,,,,13.5,13.5,13.5,100.0,980.7,1017.8,1018.0,,,
2446,2020-12-14 09:30:00,2020,Dec,10,CDH,14,1,930,290.0,4.0,,10.0,10.0,7.0,3710.0,6615.0,,,,,13.6,13.6,13.6,100.0,981.0,1018.1,1018.3,,,
2451,2020-12-14 10:00:00,2020,Dec,10,CDH,14,1,1000,310.0,4.0,,12.0,10.0,7.0,3710.0,6615.0,,,,,13.8,13.8,13.8,100.0,981.7,1018.5,1019.0,,,
2454,2020-12-14 10:30:00,2020,Dec,10,CDH,14,1,1030,310.0,5.0,,15.0,10.0,7.0,3710.0,6615.0,,,,,13.7,13.7,13.7,100.0,981.9,1019.0,1019.2,,,
2458,2020-12-14 11:00:00,2020,Dec,10,CDH,14,1,1100,270.0,3.0,,15.0,10.0,7.0,3710.0,6615.0,,,,,13.9,13.9,13.9,100.0,982.3,1019.4,1019.6,,,
2464,2020-12-14 11:30:00,2020,Dec,10,CDH,14,4,1130,999.0,2.0,,18.0,10.0,7.0,3710.0,5615.0,,,,,13.9,13.9,13.9,100.0,982.5,1019.6,1019.8,,0.0,0.0
2466,2020-12-14 12:00:00,2020,Dec,10,CDH,14,1,1200,999.0,2.0,,18.0,10.0,7.0,3710.0,5615.0,,,,,13.7,13.7,13.7,100.0,982.3,1019.4,1019.6,,,
2473,2020-12-14 12:30:00,2020,Dec,10,CDH,14,1,1230,290.0,4.0,,18.0,10.0,7.0,3612.0,6620.0,,,,,14.3,14.3,14.3,100.0,981.9,1018.9,1019.2,,,
2477,2020-12-14 13:00:00,2020,Dec,10,CDH,14,1,1300,340.0,5.0,,20.0,10.0,7.0,3612.0,5620.0,,,,,14.9,14.9,14.9,100.0,981.4,1018.4,1018.7,,,
2480,2020-12-14 13:30:00,2020,Dec,10,CDH,14,1,1330,340.0,3.0,,20.0,10.0,7.0,3612.0,6620.0,,,,,15.4,13.8,12.2,81.0,981.1,1018.0,1018.8,,,
2482,2020-12-14 14:00:00,2020,Dec,10,CDH,14,1,1400,340.0,4.0,,20.0,10.0,6.0,3615.0,5625.0,,,,,15.8,13.5,11.6,76.0,980.8,1017.6,1018.1,,,
2486,2020-12-14 14:30:00,2020,Dec,10,CDH,14,4,1430,340.0,4.0,,18.0,10.0,6.0,3615.0,6625.0,,,,,15.6,13.5,11.4,76.0,980.6,1017.5,1018.0,,0.0,0.0
2490,2020-12-14 15:00:00,2020,Dec,10,CDH,14,1,1500,320.0,5.0,,18.0,10.0,6.0,3615.0,5630.0,,,,,15.4,13.4,11.6,78.0,980.6,1017.5,1017.9,,,
2496,2020-12-14 15:30:00,2020,Dec,10,CDH,14,1,1530,300.0,5.0,,18.0,10.0,6.0,3615.0,6630.0,,,,,15.2,14.0,13.1,87.0,980.5,1017.4,1017.8,,,
2500,2020-12-14 16:00:00,2020,Dec,10,CDH,14,1,1600,310.0,6.0,,17.0,10.0,6.0,3620.0,5630.0,,,,,15.0,13.8,12.9,87.0,980.4,1017.3,1017.7,,,
2503,2020-12-14 16:30:00,2020,Dec,10,CDH,14,1,1630,300.0,6.0,,17.0,10.0,6.0,2620.0,6635.0,,,,,14.3,14.3,14.3,100.0,980.2,1017.2,1017.5,,,
2508,2020-12-14 17:00:00,2020,Dec,10,CDH,14,1,1700,310.0,7.0,,17.0,10.0,6.0,2620.0,6640.0,,,,,14.0,14.0,14.0,100.0,980.0,1017.0,1017.3,,,
2511,2020-12-14 17:30:00,2020,Dec,10,CDH,14,4,1730,320.0,6.0,,15.0,10.0,6.0,3620.0,6640.0,,,,,13.5,13.5,13.5,100.0,980.0,1017.1,1017.3,161.0,0.0,0.0
2516,2020-12-14 18:00:00,2020,Dec,10,CDH,14,1,1800,320.0,7.0,,15.0,10.0,6.0,3620.0,5657.0,,,,,12.8,12.8,12.8,100.0,979.9,1017.1,1017.2,,,
2520,2020-12-14 18:30:00,2020,Dec,10,CDH,14,1,1830,320.0,8.0,,15.0,10.0,6.0,3625.0,5358.0,,,,,12.7,12.7,12.7,100.0,980.1,1017.3,1017.4,,,
2524,2020-12-14 19:00:00,2020,Dec,10,CDH,14,1,1900,320.0,6.0,,18.0,10.0,6.0,3620.0,4359.0,,,,,12.9,12.9,12.9,100.0,980.3,1017.5,1017.6,,,
2528,2020-12-14 19:30:00,2020,Dec,10,CDH,14,1,1930,320.0,6.0,,18.0,10.0,6.0,3620.0,4359.0,,,,,13.1,13.1,13.1,100.0,980.5,1017.7,1017.8,,,
2530,2020-12-14 20:00:00,2020,Dec,10,CDH,14,1,2000,320.0,7.0,,18.0,10.0,6.0,3620.0,4359.0,,,,,12.9,12.9,12.9,100.0,980.6,1017.8,1017.9,,,
2534,2020-12-14 20:30:00,2020,Dec,10,CDH,14,4,2030,320.0,7.0,,18.0,10.0,6.0,3620.0,4359.0,,,,,12.7,12.7,12.7,100.0,980.9,1018.1,1018.2,,0.0,0.0
2539,2020-12-14 21:00:00,2020,Dec,10,CDH,14,1,2100,330.0,9.0,,18.0,10.0,6.0,3620.0,4359.0,,,,,12.6,12.6,12.6,100.0,981.0,1018.3,1018.3,,,
2544,2020-12-14 21:30:00,2020,Dec,10,CDH,14,1,2130,330.0,6.0,,18.0,10.0,6.0,3620.0,4359.0,,,,,12.3,12.3,12.3,100.0,981.0,1018.3,1018.3,,,
2545,2020-12-14 22:00:00,2020,Dec,10,CDH,14,1,2200,330.0,6.0,,18.0,10.0,6.0,3625.0,4359.0,,,,,11.6,11.6,11.6,100.0,981.0,1018.6,1018.5,,,
2549,2020-12-14 22:30:00,2020,Dec,10,CDH,14,1,2230,320.0,4.0,,18.0,10.0,6.0,3620.0,4359.0,,,,,11.1,11.1,11.1,100.0,981.2,1018.7,1018.5,,,
2553,2020-12-14 23:00:00,2020,Dec,10,CDH,14,1,2300,300.0,3.0,,18.0,10.0,6.0,3620.0,3359.0,,,,,10.2,10.2,10.2,100.0,981.2,1018.8,1018.5,,,
2559,2020-12-14 23:30:00,2020,Dec,10,CDH,14,4,2330,290.0,3.0,,18.0,10.0,6.0,3620.0,3359.0,,,,,10.2,10.2,10.2,100.0,981.2,1018.8,1018.5,,0.0,0.0
2562,2020-12-15 00:00:00,2020,Dec,10,CDH,15,1,0,310.0,4.0,,18.0,10.0,6.0,3620.0,3359.0,,,,,11.1,11.1,11.1,100.0,981.1,1018.6,1018.4,,,
2568,2020-12-15 01:00:00,2020,Dec,10,CDH,15,1,100,340.0,4.0,,18.0,10.0,6.0,3620.0,4359.0,,,,,11.5,11.5,11.5,100.0,980.6,1018.0,1017.9,,,
2570,2020-12-15 02:00:00,2020,Dec,10,CDH,15,1,200,340.0,4.0,,18.0,10.0,6.0,3620.0,3359.0,,,,,11.5,11.5,11.5,100.0,980.4,1017.8,1017.7,,,
2576,2020-12-15 02:30:00,2020,Dec,10,CDH,15,4,230,320.0,3.0,,18.0,10.0,6.0,3620.0,3359.0,,,,,11.3,11.3,11.3,100.0,980.4,1017.8,1017.7,,0.0,0.0
2581,2020-12-15 03:00:00,2020,Dec,10,CDH,15,1,300,999.0,2.0,,15.0,10.0,6.0,3620.0,4359.0,,,,,11.2,11.2,11.2,100.0,980.3,1017.7,1017.6,,,
2585,2020-12-15 04:00:00,2020,Dec,10,CDH,15,1,400,999.0,2.0,,15.0,10.0,6.0,3615.0,4359.0,,,,,11.4,11.4,11.4,100.0,980.5,1017.9,1017.8,,,
2591,2020-12-15 05:00:00,2020,Dec,10,CDH,15,1,500,340.0,4.0,,15.0,10.0,6.0,3615.0,4620.0,,,,,11.6,11.6,11.6,100.0,980.8,1018.2,1018.1,,,
2595,2020-12-15 05:30:00,2020,Dec,10,CDH,15,4,530,999.0,2.0,,15.0,10.0,6.0,3612.0,4618.0,,,,,11.6,11.6,11.6,100.0,981.0,1018.4,1018.0,,0.0,0.0
2596,2020-12-15 06:00:00,2020,Dec,10,CDH,15,1,600,999.0,2.0,,12.0,10.0,6.0,3612.0,4618.0,,,,,11.4,11.4,11.4,100.0,981.2,1018.6,1018.5,,,
2602,2020-12-15 06:30:00,2020,Dec,10,CDH,15,1,630,999.0,2.0,,12.0,10.0,6.0,3710.0,4615.0,,,,,11.7,11.7,11.7,100.0,981.6,1019.0,1018.9,,,
2606,2020-12-15 07:00:00,2020,Dec,10,CDH,15,1,700,999.0,2.0,,12.0,10.0,6.0,3710.0,4615.0,,,,,11.4,11.4,11.4,100.0,981.9,1019.4,1019.2,,,
2609,2020-12-15 07:30:00,2020,Dec,10,CDH,15,1,730,999.0,2.0,,12.0,10.0,6.0,3710.0,4615.0,,,,,11.3,11.3,11.3,100.0,982.3,1019.8,1019.6,,,
2612,2020-12-15 08:00:00,2020,Dec,10,CDH,15,1,800,0.0,0.0,,15.0,10.0,6.0,3710.0,4615.0,,,,,11.8,11.8,11.8,100.0,983.1,1020.6,1020.5,,,
2616,2020-12-15 08:30:00,2020,Dec,10,CDH,15,4,830,999.0,1.0,,15.0,10.0,6.0,3612.0,4620.0,,,,,12.1,12.1,12.1,100.0,983.4,1020.8,1020.8,99.0,0.0,0.0
2620,2020-12-15 09:00:00,2020,Dec,10,CDH,15,1,900,999.0,1.0,,15.0,10.0,6.0,3612.0,4620.0,,,,,12.5,12.5,12.5,100.0,983.9,1021.3,1021.3,,,
2624,2020-12-15 09:30:00,2020,Dec,10,CDH,15,1,930,999.0,2.0,,15.0,10.0,6.0,3615.0,4625.0,,,,,13.0,13.0,13.0,100.0,984.3,1021.7,1021.6,,,
2631,2020-12-15 10:00:00,2020,Dec,10,CDH,15,1,1000,170.0,3.0,,15.0,10.0,6.0,3615.0,4625.0,,,,,13.4,11.8,10.1,80.0,984.4,1021.7,1021.8,,,
2635,2020-12-15 10:30:00,2020,Dec,10,CDH,15,1,1030,160.0,3.0,,17.0,10.0,6.0,3615.0,4625.0,,,,,14.4,12.2,9.4,76.0,984.4,1021.6,1021.8,,,
2638,2020-12-15 11:00:00,2020,Dec,10,CDH,15,1,1100,210.0,3.0,,17.0,5.0,5.0,2615.0,4625.0,,,,,14.7,12.5,10.0,72.0,984.3,1021.4,1021.7,,,
2641,2020-12-15 11:30:00,2020,Dec,10,CDH,15,4,1130,230.0,4.0,,18.0,5.0,4.0,2615.0,4625.0,,,,,15.0,12.4,9.9,72.0,984.1,1021.2,1021.5,,0.0,0.0
2647,2020-12-15 12:00:00,2020,Dec,10,CDH,15,1,1200,230.0,3.0,,20.0,5.0,4.0,2615.0,4630.0,,,,,16.1,12.9,9.9,67.0,984.0,1020.9,1021.4,,,
2648,2020-12-15 12:30:00,2020,Dec,10,CDH,15,1,1230,250.0,4.0,,23.0,5.0,4.0,2615.0,4630.0,,,,,16.0,12.6,9.3,65.0,983.8,1020.7,1021.1,,,
2655,2020-12-15 13:00:00,2020,Dec,10,CDH,15,1,1300,250.0,5.0,,25.0,5.0,4.0,2615.0,4630.0,,,,,16.6,12.7,9.3,62.0,983.4,1020.3,1020.8,,,
2657,2020-12-15 13:30:00,2020,Dec,10,CDH,15,1,1330,330.0,5.0,,30.0,5.0,4.0,2615.0,3630.0,,,,,16.6,12.7,9.3,62.0,983.4,1020.3,1020.8,,,
2663,2020-12-15 14:00:00,2020,Dec,10,CDH,15,1,1400,300.0,6.0,,30.0,5.0,2.0,2630.0,,,,,,17.6,12.9,9.0,57.0,982.8,1019.5,1020.2,,,
2667,2020-12-15 14:30:00,2020,Dec,10,CDH,15,4,1430,320.0,7.0,,30.0,5.0,1.0,1630.0,,,,,,17.6,12.8,8.8,57.0,982.6,1019.3,1019.9,,0.0,0.0
2671,2020-12-15 15:00:00,2020,Dec,10,CDH,15,1,1500,310.0,7.0,,35.0,5.0,0.0,,,,,,,17.5,12.6,8.0,54.0,982.5,1019.2,1019.9,,,
2675,2020-12-15 15:30:00,2020,Dec,10,CDH,15,1,1530,310.0,6.0,,35.0,5.0,0.0,,,,,,,17.4,12.6,8.3,55.0,982.4,1019.1,1019.7,,,
2677,2020-12-15 16:00:00,2020,Dec,10,CDH,15,1,1600,320.0,6.0,,35.0,5.0,0.0,,,,,,,17.0,12.4,8.1,56.0,982.2,1019.0,1019.5,,,
2681,2020-12-15 16:30:00,2020,Dec,10,CDH,15,1,1630,330.0,6.0,,35.0,5.0,0.0,,,,,,,16.5,12.5,8.9,60.0,982.0,1018.8,1019.3,,,
2686,2020-12-15 17:00:00,2020,Dec,10,CDH,15,1,1700,320.0,7.0,,35.0,5.0,0.0,,,,,,,15.4,12.5,9.9,70.0,981.8,1018.8,1019.1,,,
2689,2020-12-15 17:30:00,2020,Dec,10,CDH,15,4,1730,320.0,5.0,,30.0,10.0,0.0,,,,,,,14.0,12.4,10.9,81.0,981.7,1018.8,1019.0,181.0,0.0,0.0
2693,2020-12-15 18:00:00,2020,Dec,10,CDH,15,1,1800,320.0,7.0,,30.0,10.0,0.0,,,,,,,14.4,12.8,11.5,83.0,981.8,1018.9,1019.1,,,
2698,2020-12-15 18:30:00,2020,Dec,10,CDH,15,1,1830,330.0,6.0,,30.0,10.0,0.0,,,,,,,13.6,13.0,12.5,93.0,981.9,1019.1,1019.2,,,
2703,2020-12-15 19:00:00,2020,Dec,10,CDH,15,1,1900,330.0,6.0,,30.0,10.0,0.0,,,,,,,13.4,13.4,13.4,100.0,982.2,1019.4,1019.5,,,
2707,2020-12-15 19:30:00,2020,Dec,10,CDH,15,1,1930,340.0,6.0,,30.0,10.0,0.0,,,,,,,13.3,13.3,13.3,100.0,982.4,1019.6,1019.7,,,
2710,2020-12-15 20:00:00,2020,Dec,10,CDH,15,1,2000,350.0,4.0,,30.0,10.0,0.0,,,,,,,12.4,12.4,12.4,100.0,982.5,1019.8,1019.8,,,
2713,2020-12-15 20:30:00,2020,Dec,10,CDH,15,4,2030,340.0,4.0,,30.0,10.0,0.0,,,,,,,12.1,12.1,12.1,100.0,982.6,1019.9,1019.9,,0.0,0.0
2717,2020-12-15 21:00:00,2020,Dec,10,CDH,15,1,2100,340.0,4.0,,30.0,10.0,0.0,,,,,,,11.8,11.8,11.8,100.0,982.7,1020.1,1020.0,,,
2727,2020-12-15 22:00:00,2020,Dec,10,CDH,15,1,2200,320.0,4.0,,30.0,10.0,0.0,,,,,,,10.5,10.5,10.5,100.0,982.8,1020.4,1020.2,,,
2731,2020-12-15 23:00:00,2020,Dec,10,CDH,15,1,2300,300.0,5.0,,30.0,10.0,0.0,,,,,,,8.0,8.0,8.0,100.0,983.2,1021.2,1020.6,,,
2734,2020-12-15 23:30:00,2020,Dec,10,CDH,15,4,2330,320.0,4.0,,25.0,10.0,0.0,,,,,,,8.3,8.3,8.3,100.0,983.2,1021.2,1020.6,,0.0,0.0
2739,2020-12-16 00:00:00,2020,Dec,10,CDH,16,1,0,310.0,4.0,,20.0,10.0,0.0,,,,,,,7.7,7.7,7.7,100.0,983.3,1021.4,1020.7,,,
2745,2020-12-16 01:00:00,2020,Dec,10,CDH,16,1,100,320.0,5.0,,20.0,10.0,0.0,,,,,,,9.4,9.4,9.4,100.0,983.1,1020.9,1020.5,,,
2750,2020-12-16 02:00:00,2020,Dec,10,CDH,16,1,200,320.0,5.0,,15.0,10.0,0.0,,,,,,,9.0,9.0,9.0,100.0,983.0,1020.9,1020.4,,,
2752,2020-12-16 02:30:00,2020,Dec,10,CDH,16,4,230,320.0,5.0,,15.0,10.0,0.0,,,,,,,8.7,8.7,8.7,100.0,982.8,1020.7,1020.2,,0.0,0.0
2757,2020-12-16 03:00:00,2020,Dec,10,CDH,16,1,300,310.0,5.0,,12.0,10.0,0.0,,,,,,,8.5,8.5,8.5,100.0,982.8,1020.7,1020.7,,,
2760,2020-12-16 04:00:00,2020,Dec,10,CDH,16,1,400,320.0,6.0,,10.0,10.0,0.0,,,,,,,8.5,8.5,8.5,100.0,982.9,1020.7,1020.3,,,
2765,2020-12-16 05:00:00,2020,Dec,10,CDH,16,1,500,310.0,7.0,,8.0,45.0,9.0,,,,,,,8.4,8.4,8.4,100.0,982.8,1020.8,1020.2,,,
2772,2020-12-16 05:30:00,2020,Dec,10,CDH,16,4,530,320.0,6.0,,6.0,47.0,9.0,,,,,,,8.3,8.3,8.3,100.0,983.0,1020.9,1020.4,,0.0,0.0
2773,2020-12-16 06:00:00,2020,Dec,10,CDH,16,1,600,320.0,7.0,,6.0,45.0,9.0,,,,,,,7.8,7.8,7.8,100.0,983.1,1021.1,1020.5,,,
2780,2020-12-16 06:30:00,2020,Dec,10,CDH,16,1,630,340.0,5.0,,4.0,47.0,9.0,,,,,,,7.8,7.8,7.8,100.0,983.5,1021.6,1020.9,,,
2783,2020-12-16 07:00:00,2020,Dec,10,CDH,16,1,700,350.0,4.0,,2.0,47.0,9.0,,,,,,,7.8,7.8,7.8,100.0,983.6,1021.7,1021.0,,,
2786,2020-12-16 07:30:00,2020,Dec,10,CDH,16,1,730,310.0,5.0,,1.0,47.0,9.0,,,,,,,7.5,7.5,7.5,100.0,984.0,1022.1,1021.4,,,
2790,2020-12-16 08:00:00,2020,Dec,10,CDH,16,1,800,330.0,5.0,,1.0,45.0,9.0,,,,,,,7.2,7.2,7.2,100.0,984.5,1022.1,1021.9,,,
2794,2020-12-16 08:30:00,2020,Dec,10,CDH,16,4,830,999.0,2.0,,1.0,45.0,9.0,,,,,,,7.7,7.7,7.7,100.0,984.8,1022.9,1022.2,72.0,0.0,0.0
2798,2020-12-16 09:00:00,2020,Dec,10,CDH,16,1,900,320.0,5.0,,3.0,43.0,9.0,,,,,,,8.0,8.0,8.0,100.0,985.5,1023.6,1022.9,,,
2801,2020-12-16 09:30:00,2020,Dec,10,CDH,16,1,930,320.0,5.0,,3.0,45.0,9.0,,,,,,,8.3,8.3,8.3,100.0,986.1,1024.2,1023.6,,,
2809,2020-12-16 10:00:00,2020,Dec,10,CDH,16,1,1000,330.0,5.0,,5.0,45.0,9.0,,,,,,,8.7,8.7,8.7,100.0,986.5,1024.5,1024.0,,,
2811,2020-12-16 10:30:00,2020,Dec,10,CDH,16,1,1030,320.0,4.0,,8.0,43.0,9.0,,,,,,,9.1,9.1,9.1,100.0,986.7,1024.7,1024.2,,,
2816,2020-12-16 11:00:00,2020,Dec,10,CDH,16,1,1100,320.0,5.0,,10.0,10.0,6.0,3710.0,3615.0,,,,,9.6,9.6,9.6,100.0,986.8,1024.7,1024.3,,,
2818,2020-12-16 11:30:00,2020,Dec,10,CDH,16,4,1130,320.0,5.0,,15.0,10.0,3.0,3710.0,,,,,,11.2,11.2,11.2,100.0,986.7,1024.4,1024.2,,0.0,0.0
2822,2020-12-16 12:00:00,2020,Dec,10,CDH,16,1,1200,320.0,6.0,,20.0,10.0,2.0,2710.0,,,,,,12.8,12.8,12.8,100.0,986.5,1023.9,1024.0,,,
2829,2020-12-16 12:30:00,2020,Dec,10,CDH,16,1,1230,340.0,5.0,,25.0,5.0,1.0,1625.0,,,,,,14.5,10.9,7.4,62.0,986.0,1023.3,1023.4,,,
2833,2020-12-16 13:00:00,2020,Dec,10,CDH,16,1,1300,320.0,8.0,,35.0,5.0,0.0,,,,,,,15.9,11.2,6.8,55.0,985.5,1022.6,1022.9,,,
2834,2020-12-16 13:30:00,2020,Dec,10,CDH,16,1,1330,320.0,7.0,,40.0,5.0,0.0,,,,,,,17.0,11.4,5.8,47.0,985.1,1022.0,1022.5,,,
2838,2020-12-16 14:00:00,2020,Dec,10,CDH,16,1,1400,330.0,8.0,,45.0,5.0,0.0,,,,,,,17.3,10.9,4.3,42.0,984.7,1021.6,1022.1,,,
2843,2020-12-16 14:30:00,2020,Dec,10,CDH,16,4,1430,320.0,7.0,,45.0,5.0,0.0,,,,,,,18.1,11.2,4.3,40.0,984.4,1021.1,1021.8,,0.0,0.0
2849,2020-12-16 15:00:00,2020,Dec,10,CDH,16,1,1500,320.0,8.0,,50.0,5.0,0.0,,,,,,,17.8,11.7,5.9,46.0,984.1,1020.9,1021.5,,,
2852,2020-12-16 15:30:00,2020,Dec,10,CDH,16,1,1530,330.0,8.0,,50.0,5.0,0.0,,,,,,,17.4,10.9,4.3,42.0,983.8,1020.6,1021.2,,,
2857,2020-12-16 16:00:00,2020,Dec,10,CDH,16,1,1600,300.0,8.0,,50.0,5.0,0.0,,,,,,,16.7,10.9,5.0,45.0,983.7,1020.6,1021.1,,,
2859,2020-12-16 16:30:00,2020,Dec,10,CDH,16,1,1630,300.0,7.0,,50.0,5.0,0.0,,,,,,,15.4,11.9,8.9,65.0,983.5,1020.5,1020.9,,,
2864,2020-12-16 17:00:00,2020,Dec,10,CDH,16,1,1700,300.0,7.0,,50.0,10.0,0.0,,,,,,,13.8,11.9,10.3,79.0,983.3,1020.5,1020.7,,,
2867,2020-12-16 17:30:00,2020,Dec,10,CDH,16,4,1730,290.0,6.0,,40.0,10.0,0.0,,,,,,,11.7,11.7,11.7,100.0,983.3,1020.8,1020.7,182.0,0.0,0.0
2870,2020-12-16 18:00:00,2020,Dec,10,CDH,16,1,1800,330.0,8.0,,35.0,10.0,0.0,,,,,,,11.7,11.7,11.7,100.0,983.2,1020.7,1020.6,,,
2875,2020-12-16 18:30:00,2020,Dec,10,CDH,16,1,1830,320.0,7.0,,35.0,10.0,0.0,,,,,,,10.8,10.8,10.8,100.0,983.5,1021.1,1020.9,,,
2879,2020-12-16 19:00:00,2020,Dec,10,CDH,16,1,1900,310.0,8.0,,35.0,10.0,0.0,,,,,,,9.9,9.9,9.9,100.0,983.8,1021.6,1021.2,,,
2882,2020-12-16 19:30:00,2020,Dec,10,CDH,16,1,1930,310.0,8.0,,30.0,10.0,4.0,4615.0,,,,,,9.6,9.6,9.6,100.0,983.9,1021.7,1021.3,,,
2887,2020-12-16 20:00:00,2020,Dec,10,CDH,16,1,2000,320.0,9.0,,30.0,10.0,4.0,4615.0,,,,,,9.3,9.3,9.3,100.0,984.2,1022.0,1021.6,,,
2893,2020-12-16 20:30:00,2020,Dec,10,CDH,16,4,2030,340.0,9.0,,30.0,10.0,5.0,4615.0,3620.0,,,,,9.1,9.1,9.1,100.0,984.5,1022.4,1021.9,,0.0,0.0
2895,2020-12-16 21:00:00,2020,Dec,10,CDH,16,1,2100,330.0,7.0,,25.0,10.0,6.0,3710.0,4615.0,,,,,9.3,9.3,9.3,100.0,984.6,1022.5,1022.0,,,
2898,2020-12-16 21:30:00,2020,Dec,10,CDH,16,1,2130,330.0,7.0,,25.0,10.0,6.0,3710.0,4615.0,,,,,8.7,8.7,8.7,100.0,984.8,1022.8,1022.2,,,
2902,2020-12-16 22:00:00,2020,Dec,10,CDH,16,1,2200,330.0,7.0,,25.0,10.0,6.0,3710.0,4615.0,,,,,8.7,8.7,8.7,100.0,984.9,1022.9,1022.3,,,
2904,2020-12-16 22:30:00,2020,Dec,10,CDH,16,1,2230,340.0,6.0,,25.0,10.0,6.0,3710.0,4615.0,,,,,8.8,8.8,8.8,100.0,984.9,1022.9,1022.3,,,
2908,2020-12-16 23:00:00,2020,Dec,10,CDH,16,1,2300,360.0,8.0,,25.0,10.0,6.0,3710.0,4615.0,,,,,8.4,8.4,8.4,100.0,985.1,1023.1,1022.5,,,
2913,2020-12-16 23:30:00,2020,Dec,10,CDH,16,4,2330,340.0,8.0,,20.0,10.0,6.0,3710.0,4615.0,,,,,8.3,8.3,8.3,100.0,984.7,1022.7,1022.1,,0.0,0.0
2914,2020-12-17 00:00:00,2020,Dec,10,CDH,17,1,0,330.0,7.0,,15.0,10.0,9.0,,,,,,,8.3,8.3,8.3,100.0,984.6,1022.6,1022.0,,,
2920,2020-12-17 01:00:00,2020,Dec,10,CDH,17,1,100,330.0,8.0,,15.0,10.0,9.0,,,,,,,8.2,8.2,8.2,100.0,983.9,1021.9,1021.3,,,
2925,2020-12-17 02:00:00,2020,Dec,10,CDH,17,1,200,310.0,7.0,,15.0,10.0,9.0,,,,,,,7.9,7.9,7.9,100.0,983.6,1021.6,1020.9,,,
2928,2020-12-17 02:30:00,2020,Dec,10,CDH,17,4,230,340.0,8.0,,15.0,10.0,9.0,,,,,,,7.5,7.5,7.5,100.0,983.8,1021.9,1021.2,,0.0,0.0
2934,2020-12-17 03:00:00,2020,Dec,10,CDH,17,1,300,330.0,7.0,,15.0,10.0,9.0,,,,,,,7.4,7.4,7.4,100.0,983.9,1022.0,1021.3,,,
2940,2020-12-17 04:00:00,2020,Dec,10,CDH,17,1,400,320.0,7.0,,15.0,10.0,9.0,,,,,,,7.0,7.0,7.0,100.0,983.6,1021.8,1021.0,,,
2944,2020-12-17 05:00:00,2020,Dec,10,CDH,17,1,500,340.0,9.0,,15.0,10.0,9.0,,,,,,,6.4,6.4,6.4,100.0,983.4,1021.7,1020.8,,,
2947,2020-12-17 05:30:00,2020,Dec,10,CDH,17,4,530,340.0,9.0,,15.0,10.0,9.0,,,,,,,6.4,6.4,6.4,100.0,983.5,1021.8,1020.9,,0.0,0.0
2950,2020-12-17 06:00:00,2020,Dec,10,CDH,17,1,600,340.0,9.0,,15.0,10.0,9.0,,,,,,,6.6,6.6,6.6,100.0,983.6,1021.9,1021.0,,,
2956,2020-12-17 06:30:00,2020,Dec,10,CDH,17,1,630,340.0,7.0,,15.0,10.0,9.0,,,,,,,6.3,6.3,6.3,100.0,983.7,1022.0,1021.1,,,
2958,2020-12-17 07:00:00,2020,Dec,10,CDH,17,1,700,350.0,6.0,,10.0,10.0,9.0,,,,,,,6.4,6.4,6.4,100.0,983.9,1022.2,1021.3,,,
2965,2020-12-17 07:30:00,2020,Dec,10,CDH,17,1,730,330.0,9.0,,10.0,10.0,9.0,,,,,,,6.6,6.6,6.6,100.0,984.3,1022.6,1021.7,,,
2967,2020-12-17 08:00:00,2020,Dec,10,CDH,17,1,800,350.0,6.0,,10.0,10.0,9.0,,,,,,,6.9,6.9,6.9,100.0,984.5,1022.7,1021.9,,,
2973,2020-12-17 08:30:00,2020,Dec,10,CDH,17,4,830,320.0,6.0,,12.0,10.0,9.0,,,,,,,7.1,7.1,7.1,100.0,984.6,1022.8,1022.0,63.0,0.0,0.0
2976,2020-12-17 09:00:00,2020,Dec,10,CDH,17,1,900,350.0,8.0,,12.0,10.0,9.0,,,,,,,7.6,7.6,7.6,100.0,984.8,1022.9,1022.5,,,
2978,2020-12-17 09:30:00,2020,Dec,10,CDH,17,1,930,320.0,7.0,,13.0,10.0,9.0,,,,,,,8.1,8.1,8.1,100.0,985.3,1023.4,1022.7,,,
2982,2020-12-17 10:00:00,2020,Dec,10,CDH,17,1,1000,350.0,6.0,,15.0,10.0,7.0,5612.0,3615.0,,,,,8.5,8.5,8.5,100.0,985.5,1023.5,1022.9,,,
2988,2020-12-17 10:30:00,2020,Dec,10,CDH,17,1,1030,350.0,5.0,,18.0,10.0,7.0,3710.0,4615.0,,,,,8.9,8.9,8.9,100.0,985.6,1023.6,1023.0,,,
2992,2020-12-17 11:00:00,2020,Dec,10,CDH,17,1,1100,360.0,5.0,,19.0,10.0,7.0,3710.0,4615.0,,,,,9.8,9.8,9.8,100.0,985.6,1023.4,1023.0,,,
2995,2020-12-17 11:30:00,2020,Dec,10,CDH,17,4,1130,999.0,2.0,,20.0,10.0,7.0,3710.0,4615.0,,,,,10.4,9.1,7.7,84.0,985.4,1023.2,1022.8,,0.0,0.0
2998,2020-12-17 12:00:00,2020,Dec,10,CDH,17,1,1200,320.0,5.0,,20.0,10.0,5.0,2708.0,3612.0,,,,,11.3,9.4,7.2,76.0,984.9,1022.5,1022.6,,,
3003,2020-12-17 12:30:00,2020,Dec,10,CDH,17,1,1230,350.0,5.0,,25.0,5.0,3.0,3615.0,,,,,,12.0,9.6,7.1,72.0,984.3,1021.8,1021.7,,,
3006,2020-12-17 13:00:00,2020,Dec,10,CDH,17,1,1300,320.0,6.0,,30.0,5.0,2.0,2615.0,,,,,,12.7,9.9,7.0,69.0,984.0,1021.4,1021.4,,,
3011,2020-12-17 13:30:00,2020,Dec,10,CDH,17,1,1330,310.0,6.0,,30.0,5.0,2.0,2615.0,,,,,,13.2,10.1,7.6,64.0,983.8,1021.2,1021.2,,,
3015,2020-12-17 14:00:00,2020,Dec,10,CDH,17,1,1400,320.0,5.0,,27.0,5.0,2.0,2620.0,,,,,,13.8,10.5,7.1,64.0,983.0,1020.2,1020.4,,,
3018,2020-12-17 14:30:00,2020,Dec,10,CDH,17,4,1430,320.0,7.0,,27.0,5.0,0.0,,,,,,,14.1,10.6,7.2,63.0,982.7,1019.9,1020.0,,0.0,0.0
3025,2020-12-17 15:00:00,2020,Dec,10,CDH,17,1,1500,310.0,8.0,,30.0,5.0,0.0,,,,,,,14.6,10.8,7.4,62.0,982.2,1019.3,1019.6,,,
3028,2020-12-17 15:30:00,2020,Dec,10,CDH,17,1,1530,320.0,7.0,,32.0,5.0,0.0,,,,,,,14.6,11.0,7.6,63.0,982.1,1019.2,1019.4,,,
3032,2020-12-17 16:00:00,2020,Dec,10,CDH,17,1,1600,310.0,7.0,,32.0,5.0,0.0,,,,,,,14.4,11.0,7.8,64.0,981.9,1019.1,1019.3,,,
3037,2020-12-17 16:30:00,2020,Dec,10,CDH,17,1,1630,340.0,8.0,,32.0,5.0,0.0,,,,,,,14.0,10.9,8.0,67.0,981.8,1019.0,1019.1,,,
3040,2020-12-17 17:00:00,2020,Dec,10,CDH,17,1,1700,320.0,8.0,,30.0,5.0,0.0,,,,,,,13.6,10.6,7.8,68.0,981.7,1018.9,1019.0,,,
3043,2020-12-17 17:30:00,2020,Dec,10,CDH,17,4,1730,320.0,4.0,,25.0,10.0,0.0,,,,,,,11.9,10.0,8.0,77.0,981.6,1019.0,1018.9,150.0,0.0,0.0
3047,2020-12-17 18:00:00,2020,Dec,10,CDH,17,1,1800,310.0,7.0,,25.0,10.0,0.0,,,,,,,11.8,10.4,9.0,83.0,981.4,1018.8,1018.7,,,
3051,2020-12-17 18:30:00,2020,Dec,10,CDH,17,1,1830,310.0,6.0,,25.0,10.0,0.0,,,,,,,11.6,10.6,9.6,88.0,981.3,1018.7,1018.6,,,
3054,2020-12-17 19:00:00,2020,Dec,10,CDH,17,1,1900,310.0,7.0,,25.0,10.0,0.0,,,,,,,11.4,10.5,9.6,89.0,981.2,1018.6,1018.5,,,
3061,2020-12-17 19:30:00,2020,Dec,10,CDH,17,1,1930,310.0,5.0,,25.0,10.0,0.0,,,,,,,10.6,10.4,10.3,99.0,981.0,1018.6,1018.3,,,
3062,2020-12-17 20:00:00,2020,Dec,10,CDH,17,1,2000,310.0,5.0,,25.0,10.0,0.0,,,,,,,9.6,9.6,9.6,100.0,981.2,1018.9,1018.5,,,
3069,2020-12-17 20:30:00,2020,Dec,10,CDH,17,4,2030,340.0,6.0,,25.0,10.0,0.0,,,,,,,10.3,10.3,10.3,100.0,981.3,1018.9,1018.6,,0.0,0.0
3073,2020-12-17 21:00:00,2020,Dec,10,CDH,17,1,2100,320.0,6.0,,25.0,10.0,0.0,,,,,,,9.8,9.8,9.8,100.0,981.4,1019.1,1018.7,,,
3074,2020-12-17 21:30:00,2020,Dec,10,CDH,17,1,2130,330.0,6.0,,25.0,10.0,0.0,,,,,,,9.6,9.6,9.6,100.0,981.5,1019.3,1018.8,,,
3077,2020-12-17 22:00:00,2020,Dec,10,CDH,17,1,2200,330.0,6.0,,25.0,10.0,0.0,,,,,,,9.2,9.2,9.2,100.0,981.7,1019.5,1019.0,,,
3082,2020-12-17 23:00:00,2020,Dec,10,CDH,17,1,2300,350.0,6.0,,25.0,10.0,0.0,,,,,,,8.7,8.7,8.7,100.0,981.6,1019.5,1018.9,,,
3088,2020-12-17 23:30:00,2020,Dec,10,CDH,17,4,2330,340.0,4.0,,25.0,10.0,0.0,,,,,,,8.1,8.1,8.1,100.0,981.3,1019.2,1018.6,,0.0,0.0
3092,2020-12-18 00:00:00,2020,Dec,10,CDH,18,1,0,330.0,4.0,,25.0,10.0,0.0,,,,,,,7.7,7.7,7.7,100.0,980.9,1018.9,1018.2,,,
3098,2020-12-18 01:00:00,2020,Dec,10,CDH,18,1,100,300.0,4.0,,25.0,10.0,0.0,,,,,,,8.0,8.0,8.0,100.0,980.6,1018.5,1017.9,,,
3103,2020-12-18 02:00:00,2020,Dec,10,CDH,18,1,200,330.0,6.0,,10.0,10.0,0.0,,,,,,,7.6,7.6,7.6,100.0,979.9,1017.9,1017.2,,,
3107,2020-12-18 02:30:00,2020,Dec,10,CDH,18,4,230,320.0,6.0,,10.0,10.0,0.0,,,,,,,7.3,7.3,7.3,100.0,980.1,1018.1,1017.4,,0.0,0.0
3108,2020-12-18 03:00:00,2020,Dec,10,CDH,18,1,300,310.0,6.0,,10.0,10.0,0.0,,,,,,,7.2,7.2,7.2,100.0,979.8,1017.8,1017.1,,,
3113,2020-12-18 04:00:00,2020,Dec,10,CDH,18,1,400,330.0,6.0,,10.0,10.0,9.0,,,,,,,6.6,6.6,6.6,100.0,979.6,1017.7,1016.9,,,
3121,2020-12-18 05:00:00,2020,Dec,10,CDH,18,1,500,340.0,5.0,,10.0,10.0,9.0,,,,,,,6.1,6.1,6.1,100.0,979.6,1017.8,1016.9,,,
3125,2020-12-18 05:30:00,2020,Dec,10,CDH,18,4,530,999.0,2.0,,10.0,10.0,9.0,,,,,,,5.7,5.7,5.7,100.0,979.7,1017.9,1017.0,,0.0,0.0
3129,2020-12-18 06:00:00,2020,Dec,10,CDH,18,1,600,330.0,6.0,,10.0,10.0,9.0,,,,,,,5.5,5.5,5.5,100.0,979.9,1018.2,1017.2,,,
3130,2020-12-18 06:30:00,2020,Dec,10,CDH,18,1,630,330.0,5.0,,10.0,10.0,9.0,,,,,,,5.4,5.4,5.4,100.0,980.0,1018.3,1017.3,,,
3134,2020-12-18 07:00:00,2020,Dec,10,CDH,18,1,700,310.0,3.0,,10.0,10.0,0.0,,,,,,,5.6,5.6,5.6,100.0,980.2,1018.6,1017.5,,,
3141,2020-12-18 07:30:00,2020,Dec,10,CDH,18,1,730,999.0,2.0,,10.0,10.0,0.0,,,,,,,6.0,6.0,6.0,100.0,980.4,1018.6,1017.7,,,
3144,2020-12-18 08:00:00,2020,Dec,10,CDH,18,1,800,320.0,3.0,,12.0,10.0,0.0,,,,,,,6.5,6.5,6.5,100.0,981.0,1019.2,1018.3,,,
3149,2020-12-18 08:30:00,2020,Dec,10,CDH,18,4,830,999.0,1.0,,15.0,10.0,0.0,,,,,,,7.0,7.0,7.0,100.0,981.4,1019.5,1018.7,47.0,0.0,0.0
3152,2020-12-18 09:00:00,2020,Dec,10,CDH,18,1,900,310.0,4.0,,20.0,10.0,0.0,,,,,,,8.6,8.6,8.6,100.0,982.1,1020.0,1019.4,,,
3157,2020-12-18 09:30:00,2020,Dec,10,CDH,18,1,930,320.0,3.0,,23.0,10.0,0.0,,,,,,,10.2,10.2,10.2,100.0,982.5,1022.2,1019.8,,,
3160,2020-12-18 10:00:00,2020,Dec,10,CDH,18,1,1000,310.0,4.0,,25.0,10.0,0.0,,,,,,,11.3,10.0,8.7,80.0,982.7,1020.2,1020.0,,,
3162,2020-12-18 10:30:00,2020,Dec,10,CDH,18,1,1030,310.0,5.0,,25.0,10.0,0.0,,,,,,,12.8,9.8,7.0,76.0,982.6,1020.0,1019.9,,,
3166,2020-12-18 11:00:00,2020,Dec,10,CDH,18,1,1100,320.0,7.0,,27.0,5.0,0.0,,,,,,,14.2,9.9,5.5,56.0,982.6,1019.8,1019.9,,,
3171,2020-12-18 11:30:00,2020,Dec,10,CDH,18,4,1130,320.0,8.0,,35.0,5.0,0.0,,,,,,,15.3,9.6,3.7,45.0,982.4,1019.5,1019.8,,0.0,0.0
3175,2020-12-18 12:00:00,2020,Dec,10,CDH,18,1,1200,320.0,10.0,,45.0,5.0,0.0,,,,,,,16.5,9.9,2.8,40.0,982.2,1019.1,1019.5,,,
3179,2020-12-18 12:30:00,2020,Dec,10,CDH,18,1,1230,320.0,10.0,,50.0,5.0,0.0,,,,,,,17.0,10.2,2.9,39.0,982.0,1018.8,1019.3,,,
3186,2020-12-18 13:00:00,2020,Dec,10,CDH,18,1,1300,310.0,9.0,,50.0,5.0,0.0,,,,,,,17.6,11.0,4.6,42.0,981.6,1018.3,1018.9,,,
3188,2020-12-18 13:30:00,2020,Dec,10,CDH,18,1,1330,320.0,10.0,,50.0,5.0,0.0,,,,,,,18.1,10.9,3.7,38.0,981.1,1017.7,1018.4,,,
3192,2020-12-18 14:00:00,2020,Dec,10,CDH,18,1,1400,310.0,12.0,,50.0,5.0,0.0,,,,,,,18.3,11.1,3.8,38.0,980.7,1017.3,1018.0,,,
3195,2020-12-18 14:30:00,2020,Dec,10,CDH,18,4,1430,320.0,11.0,,50.0,5.0,0.0,,,,,,,18.3,10.7,2.7,35.0,980.4,1017.0,1017.7,,0.0,0.0
3202,2020-12-18 15:00:00,2020,Dec,10,CDH,18,1,1500,310.0,12.0,,50.0,5.0,0.0,,,,,,,18.7,10.5,1.6,32.0,980.3,1016.8,1017.6,,,
3203,2020-12-18 15:30:00,2020,Dec,10,CDH,18,1,1530,320.0,9.0,,50.0,5.0,0.0,,,,,,,18.3,10.3,1.3,32.0,980.2,1016.8,1017.4,,,
3210,2020-12-18 16:00:00,2020,Dec,10,CDH,18,1,1600,320.0,10.0,,50.0,5.0,0.0,,,,,,,17.5,10.0,1.6,34.0,980.1,1016.8,1017.4,,,
3213,2020-12-18 16:30:00,2020,Dec,10,CDH,18,1,1630,300.0,8.0,,50.0,5.0,0.0,,,,,,,16.6,9.8,2.3,38.0,980.3,1017.6,1017.1,,,
3217,2020-12-18 17:00:00,2020,Dec,10,CDH,18,1,1700,320.0,7.0,,50.0,5.0,3.0,3075.0,,,,,,15.3,9.0,1.5,39.0,980.4,1017.4,1017.7,,,
3219,2020-12-18 17:30:00,2020,Dec,10,CDH,18,4,1730,320.0,7.0,,50.0,5.0,3.0,3075.0,,,,,,13.9,8.1,1.1,42.0,980.7,1017.9,1018.0,188.0,0.0,0.0
3224,2020-12-18 18:00:00,2020,Dec,10,CDH,18,1,1800,320.0,7.0,,35.0,5.0,2.0,2075.0,,,,,,12.8,7.7,1.5,45.0,980.9,1018.2,1018.2,,,
3229,2020-12-18 18:30:00,2020,Dec,10,CDH,18,1,1830,350.0,6.0,,35.0,5.0,2.0,2075.0,,,,,,12.7,8.2,2.3,49.0,981.2,1018.5,1018.5,,,
3231,2020-12-18 19:00:00,2020,Dec,10,CDH,18,1,1900,320.0,4.0,,35.0,5.0,1.0,1075.0,,,,,,11.5,7.9,3.1,56.0,981.5,1019.1,1018.9,,,
3235,2020-12-18 19:30:00,2020,Dec,10,CDH,18,1,1930,300.0,5.0,,35.0,5.0,0.0,,,,,,,9.4,6.8,3.6,67.0,981.6,1019.4,1018.9,,,
3239,2020-12-18 20:00:00,2020,Dec,10,CDH,18,1,2000,300.0,5.0,,40.0,5.0,0.0,,,,,,,9.9,7.2,3.7,65.0,981.9,1019.7,1019.2,,,
3244,2020-12-18 20:30:00,2020,Dec,10,CDH,18,4,2030,320.0,4.0,,40.0,5.0,0.0,,,,,,,8.9,6.6,3.6,69.0,982.2,1020.1,1019.5,,0.0,0.0
3247,2020-12-18 21:00:00,2020,Dec,10,CDH,18,1,2100,310.0,4.0,,40.0,5.0,0.0,,,,,,,8.6,6.4,3.5,70.0,982.5,1020.5,1019.8,,,
3254,2020-12-18 22:00:00,2020,Dec,10,CDH,18,1,2200,999.0,2.0,,40.0,5.0,0.0,,,,,,,9.1,7.2,4.3,72.0,982.7,1020.6,1020.0,,,
3259,2020-12-18 23:00:00,2020,Dec,10,CDH,18,1,2300,999.0,2.0,,40.0,10.0,0.0,,,,,,,6.9,6.8,6.5,97.0,982.5,1019.8,1020.7,,,
3264,2020-12-18 23:30:00,2020,Dec,10,CDH,18,4,2330,999.0,2.0,,35.0,10.0,0.0,,,,,,,6.2,6.2,6.2,100.0,982.3,1020.6,1019.7,,0.0,0.0
3269,2020-12-19 00:00:00,2020,Dec,10,CDH,19,1,0,999.0,1.0,,35.0,10.0,0.0,,,,,,,6.0,6.0,6.0,100.0,982.0,1020.3,1019.3,,,
3273,2020-12-19 01:00:00,2020,Dec,10,CDH,19,1,100,320.0,4.0,,35.0,10.0,0.0,,,,,,,5.2,5.2,5.2,100.0,981.6,1020.0,1018.9,,,
